Kate-gorie ;Ord-nung ;botanischer Name ;deutscher Name ;Eignung als Bienen-weide ;Herkunft ;Wuchs-höhe in Meter ;Licht-durchläs-sigkeit ;Lichtbedarf ;Winter-härte-zone ;KLAM-Stadt ;Bemerkungen 
2;3;Acer buergerianum syn. A. trifidum ;Dreizahn- Ahorn ;– ;Ostasien ;8 – 10;mittel ;Sonne bis Halbschat-ten ;6b;2.1;aufrechter Wuchs, locker verzweigte Äste, auf geschützten Standorten ausreichend frosthart, im Straßenbaumtest 2 seit 2007/08
1;2;Acer campestre ;Feldahorn ;7;heimisch ;10 – 15;mittel ;Sonne bis Halbschat-ten ;5a;1.1;eiförmige, unregelmäßige, im Alter mehr rundliche Krone, verträgt trockene Böden und hohen Versiege-lungsgrad, gute Eignung zur ingenieurbiologischen Ufer- bzw. Hangsicherung 
1;2;Acer campestre „Elsrijk“ ;Feld-Ahorn;7;heimisch, Zucht-form ;6 – 12;mittel ;Sonne bis Halbschat-ten ;5a;1.1;wie die Art, jedoch gerader durchgehender Stamm, im Wuchs schmaler und gleichmäßiger, gebietsweise Frostschäden in der Krone, mehltaufrei 
2;3;Acer campestre „Fastigiata“ ;Feld-Ahorn - hecken-ahorn - ma;7;heimisch, Zucht-form ;8 – 10;mittel ;Sonne bis Halbschat-ten ;5a;1.1;gilt als mehltauresistenz 
2;2;Acer campestre „Green Column“ ;Schmalkroni-ger Feldahorn ;7;heimisch, Zucht-form ;10 – 12;mittel ;Sonne bis Halbschat-ten ;5a;1.1;sehr hitzeverträglich, extrem windfest, schmaler Wuchs 
2;3;Acer campestre „Huibers Elegant“ syn. A. campestre „Elegant“ ;Feldahorn ;7;heimisch, Zucht-form ;6 – 10;mittel ;Sonne bis Halbschat-ten ;5a;1.1;sehr regelmäßiger, aufrechter Wuchs, gilt als mehl-taufrei, im Strassenbaumtest 2 seit 2007/8
3;2;Acer cappadocicum „Rubrum“ ;Spitzahorn;– ;Mittlerer Osten ;10 – 15;mittel ;Sonne bis Halbschat-ten ;6;2.2;trockenheitsresistenter Herbstfärber 
3;2;Acer cappadocicum „Rubrum“ ;Spitz-Ahorn;– ;Mittlerer Osten ;10 – 15;mittel ;Sonne bis Halbschat-ten ;6;2.2;trockenheitsresistenter Herbstfärber 
A ;3;Acer carpinifolium ;Gemeine hainbuche-Gemeine weis;– ;Japan ;– 10;;Sonne bis Halbschat-ten ;6;-;
A ;3;Acer carpinifolium ;Gemeine hainbuche;– ;Japan ;– 10;;Sonne bis Halbschat-ten ;6;-;
2;3;Acer monspessulanum ;Französischer Ahorn ;– ;Ostasien ;5 – 8;mittel ;Sonne bis Halbschat-ten ;6;-;"breit eiförmige, rundliche Krone, auf geraden, durch-gehenden Stamm achten; Blüten werden stark von Insekten angeflogen, wärmeliebend, für trockene Standorte geeignet (Weinbauklima), gebietsweise Frostschäden, im Straßenbaumtest 2 seit 2005"
3;3;Acer opalus ;Lebensbaum;– ;Südwest-Europa ;8 – 10 (20);mittel ;Halbschat-ten ;6b;1.2;offene, breite, kegelförmige Krone, stadtklimafest, im Straßenbaumtest 2 seit 2007/08
3;3;Acer opalus ;Abendlaendischer Lebensbaum;– ;Südwest-Europa ;8 – 10 (20);mittel ;Halbschat-ten ;6b;1.2;offene, breite, kegelförmige Krone, stadtklimafest, im Straßenbaumtest 2 seit 2007/08
2;1;Acer platanoides ;Silber-Ahorn;6;heimisch ;20 – 30;gering ;Sonne bis Halbschat-ten ;4;2.1;rundliche, dicht geschlossene Krone, blüht vor dem Blattaustrieb, sehr frosthart, empfindlich gegen Bodenverdichtung, Honigtauabsonderung 
1;1;Acer platanoides „Allershausen“ ;Silberahorn;6;heimisch, Zucht-form ;15 – 20;gering ;Sonne bis Halbschat-ten ;4;2.1;stark verzweigte, dichte, geschlossene Krone, gut geeignet für frostgefährdete Lagen, Honigtauabson-derung, im Straßenbaumtest 2 seit 2005
1;1;Acer platanoides „Allershausen“ ;Silberahorn;6;heimisch, Zucht-form ;15 – 20;gering ;Sonne bis Halbschat-ten ;4;2.1;stark verzweigte, dichte, geschlossene Krone, gut geeignet für frostgefährdete Lagen, Honigtauabson-derung, im Straßenbaumtest 2 seit 2005
2;2;Acer platanoides „Apollo“ ;Kegelförmiger Spitzahorn ;6;heimisch, Zucht-form ;14 – 18;gering ;Sonne bis Halbschat-ten ;4;2.1;wie die Art, jedoch aufrechter und schneller wach-send, winterhart, Honigtauabsonderung, im Straßen-baumtest 2 seit 2005
1;2;Acer platanoides „Cleveland“ ;Kegelförmiger Spitzahorn ;6;heimisch, Zucht-form ;10 – 15;gering ;Sonne bis Halbschat-ten ;4;2.1;ovale, im Alter breit eiförmige, regelmäßige Krone, Austrieb leuchtend rot, stadtklimafest, Honigtauab-sonderung 
1;3;Acer platanoides „Columnare“ Typ 1,2,3;Säulenförmi-ger Spitzahorn ;6;heimisch, Zucht-form ;10;gering ;Sonne bis Halbschat-ten ;4;2.1;schmal, säulenförmig wachsend, sehr frosthart, hit-zeverträglich, trockenheitsverträglich, windfest und schattenverträglich, Honigtauabsonderung, guter Kompartimentierer 
3;2;Acer platanoides „Crimson King“ ;Blut-Ahorn ;6;heimisch, Zucht-form ;15;mittel ;Sonne bis Halbschat-ten ;4;2.1;"standorttolerant, Staunässe vermeiden; bis zum Herbst dunkel pupurfarben, leicht glänzend; breite ovale, lockere Krone "
2;2;Acer platanoides „Deborah“ ;Chinesischer Spitzahorn;6;heimisch, Zucht-form ;20;gering ;Sonne bis lichter Schatten ;4;2.1;rundlich bis breit rundlich, gerader durchgehender Stamm, Honigtauabsonderung, Ergebnisse aus Stra-ßenbaumtest 1 beachten
2;2;Acer platanoides „Deborah“ ;Spitzahorn ;6;heimisch, Zucht-form ;20;gering ;Sonne bis lichter Schatten ;4;2.1;rundlich bis breit rundlich, gerader durchgehender Stamm, Honigtauabsonderung, Ergebnisse aus Stra-ßenbaumtest 1 beachten
3;2;Acer platanoides „Drummondii“ ;Fächerblattbaum;6;heimisch, Zucht-form ;;;Sonne bis Halbschat-ten ;4;2.1;Krone breit pyramidal, geschlossene Krone 
3;2;Acer platanoides „Drummondii“ ;F√§cherblattbaum;6;heimisch, Zucht-form ;;;Sonne bis Halbschat-ten ;4;2.1;Krone breit pyramidal, geschlossene Krone 
1;2;Acer platanoides „Emerald Queen“ ;Spitzahorn ;6;heimisch, Zucht-form ;15;gering ;Sonne bis Halbschat-ten ;4;2.1;ovale Krone, in der Jugend betont aufrecht, hitze-und trockenheitsverträglich, windfest, geeignet für engere Straßenräume, Honigtauabsonderung 
3;2;Acer platanoides „Faassen's Black“ ;Spitzahorn ;6;heimisch, Zucht-form ;20;gering ;Sonne bis Halbschat-ten ;4;2.1;Krone breit kegelig bis rund, durchgehender Leit-trieb 
3;2;Acer platanoides „Fairview“ ;Ahorn;6;heimisch, Zucht-form ;15;gering ;Sonne bis Halbschat-ten ;4;2.1;"aufrechte ovale Krone; anspruchslos und anpas-sungsfähig, hitzeverträglich und frosthart, Honigtau-absonderung, im Straßenbaumtest 2 seit 2007/08"
2;2;Acer platanoides „Farlake's Green“ ;Spitzahorn ;6;heimisch, Zucht-form ;20;gering ;Sonne bis Halbschat-ten ;4;2.1;gleichmäßig aufgebaut, hitze- und trockenheitsver-träglich, windfest, wenig mehltauanfällig, empfindlich gegen Streusalz (Erfahrungen aus NL), Ergebnisse aus Straßenbaumtest 1 beachten
1;3;Acer platanoides „Globosum“ ;Kugel-Ahorn ;6;heimisch, Zucht-form ;7;gering ;Sonne bis Halbschat-ten ;4;2.1;dicht verzweigte, geschlossene Kugelkrone, auf Lichtraumprofil achten, frosthart, hitze- und trocken-heitsverträglich, windfest und schattenverträglich, Honigtauabsonderung, für Kübel und Container geeignet 
1;2;Acer platanoides „Olmsted“ ;Säulenförmi-ger Spitzahorn ;6;heimisch, Zucht-form ;15;gering ;Sonne bis Halbschat-ten ;4;2.1;"schmal, säulenförmig; geeignet für enge Räume in exponierter, lufttrockener Stadtlage; entspricht vermutlich Typ 1 von Acer platanoides „Columnare“, Honigtauabsonderung"
1;2;Acer platanoides „Royal Red“ ;Rotblättriger Spitzahorn ;6;heimisch, Zucht-form ;15;gering ;Sonne bis Halbschat-ten ;4;2.1;Laub im Austrieb rot, danach bis zum Herbst kon-stant purpurschwarzrot, glänzend, sehr frosthart, hitzeverträglich, windfest, Honigtauabsonderung 
3;2;Acer platanoides „Schwedleri“ ;Fichte;6;heimisch, Zucht-form ;20;gering ;Sonne bis Halbschat-ten ;4;2.1;Krone breit kegelig, dicht geschlossen 
2;1;Acer platanoides „Summershade“ ;Spitzahorn ;6;heimisch, Zucht-form ;25;gering ;Sonne bis Halbschat-ten ;4;2.1;ausladende und hängende Äste, bildet Quirle, wind-bruchgefährdet, stadtklimafest, Honigtauabsonde-rung 
A ;1;Acer pseudoplatanus ;Bergahorn;7;heimisch ;30;gering ;Sonne bis Halbschat-ten ;4;4.1;kalkverträglich, streusalzempfindlich, nicht geeignet bei Bodenverdichtungen und hohem Versiegelungs-grad, Honigtauabsonderung 
A ;2;Acer pseudoplatanus „Erectum“ ;Schmaler Bergahorn ;7;heimisch, Zucht-form ;15 – 20 (25);gering ;Sonne bis Halbschat-ten ;4;4.1;wie die Art, jedoch in der Jugend schmalkroniger, Honigtauabsonderung 
A ;1;Acer pseudoplatanus „Negenia“ ;Bergahorn ;7;heimisch, Zucht-form ;20 – 25 (30);gering ;Sonne bis Halbschat-ten ;4;4.1;wie die Art, jedoch mit breit pyramidaler Krone, vergreist früh, Honigtauabsonderung 
A ;1;Acer pseudoplatanus „Rotterdam“ ;Lederh√ºlsenbaum;7;heimisch, Zucht-form ;20 – 25 (30);gering ;Sonne bis Halbschat-ten ;4;4.1;wie die Art, in der Jugend säulenförmig, später breit kegelförmig, keine Leittriebbildung, Honigtauabson-derung 
A ;2;Acer pseudplatanus „Leopoldii“ ;Bergahorn ;7;heimisch, Zucht-form ;15 – 20 (25);;Volle Sonne bis Halb-schatten ;4;4.1;breite, pyramidenförmige Krone 
2;2;Acer rubrum ;Rot-Ahorn ;3;östliches Nord-amerika ;20;mittel ;Sonne bis Halbschat-ten ;4;1.2;dunkelrote Blüte vor Blattaustrieb, frosthart, etwas hitzeempfindlich, bedingt stadtklimafest, flach wurzelnd, auf Kalkböden Chlorosegefahr 
3;2;Acer rubrum „October Glory“ ;Rot-Ahorn ;3;Zuchtform ;15;mittel ;Sonne ;4;1.2;kegelförmig, eiförmig, unregelmäßig 
3;2;Acer rubrum „Red Sunset“ ;Rot-Ahorn ;3;Zuchtform ;15;mittel ;Sonne ;4;1.2;breit kegelförmig, eiförmig bis fast rundkronig 
3;2;Acer rubrum „Scanlon“ ;Schmalkroni-ger Rot-Ahorn ;3;Zuchtform ;12;gering ;Sonne ;4;1.2;wie die Art, jedoch schmal-eiförmige Krone, rote Blüte vor Blattaustrieb, im Straßenbaumtest 2 seit 2007/08
3;3;Acer rubrum „Somerset“ ;Rot-Ahorn ;3;Zuchtform ;10;gering ;Sonne bis Halbschat-ten ;4;1.2;wie die Art, jedoch eiförmige Krone, verträgt höhere pH-Werte als die Art 
A ;3;Acer rufinerve ;„Rostnerviger Schlangen-haut-Ahorn“ ;– ;Japan ;7;mittel ;lichtschatti-ge Lage ;6b;-;"gut auf sauren, humosen Böden bei gleichmäßiger Bodenfeuchtigkeit; meidet heißtrockene Lagen; anspruchsvoll "
A ;1;Acer saccharinum ;Silberahorn ;7;östliches Nord-amerika ;30;mittel ;Sonne bis Halbschat-ten ;4;3.1;windbrüchig, kurzlebig, jedoch schnelle Wirkung, auf Kalkböden Chlorosegefahr, sehr früh blühend 
A ;1;Acer saccharinum „Wieri“ ;Silberahorn ;7;Zuchtform ;25;mittel ;Sonne bis Halbschat-ten ;4;3.1;windbrüchig, kurzlebig, jedoch schnelle Wirkung, auf Kalkböden Chlorosegefahr, sehr früh blühend 
A ;1;Acer saccharum ;Zucker-Ahorn ;6;östliches Nord-amerika ;40;– ;Sonne bis Halbschat-ten ;4;-;nicht im Spätwinter oder Frühjahr schneiden, da endlos blutend 
A ;3;Acer tataricum ;Tataren-Ahron ;– ;Osteuropa, Asien ;5;– ;Sonne bis Halbschat-ten ;4;-;keine Toleranz gegenüber zeitweise trockenen Böden 
A ;3;Acer tataricum subsp. ginnala ;Feuer-Ahorn ;– ;China, Korea, Japan ;6;– ;Sonne bis Halbschat-ten ;3;-;fächerförmige Krone 
A ;2;Acer triflorum ;Dreiblütiger Ahorn ;– ;China, Korea ;12;– ;Sonne ;6;-;rundliche bis säulenförmige Krone 
2;2;Acer truncatum „Norwegian Sunset“ ;Scharlach Ahorn ;– ;Zuchtform ;12;gering ;volle Sonne bis Halb-schatten ;4b;-;Krone länglich oval, verträgt auch feuchte Standorte, allerdings keine Staunässe, frosthart, bislang keine Stammrissbildung aufgetreten 
3;2;Acer x freemanii „Armstrong“ syn. A. rubrum „Armstrong“ ;Schmalkroni-ger Rot-Ahorn ;– ;Zuchtform ;;;Sonne ;4;1.2;"schmaler, gerader durchgehender Stamm, rotorange Blüte vor Blattaustrieb; auf Kalkböden Chlorosege-fahr "
2;3;Acer zoeschense syn. A. neglectum „Annae“ ;Zoeschener Ahorn ;– ;Zuchtform ;6 (8);gering ;Sonne bis Halbschat-ten ;5a;1.1;schwachwachsender, kleiner Baum, Lichtraumpro-fil schwer einzuhalten, hitzeverträglich, auffallende Herbstfärbung, im Straßenbaumtest 2 seit 2007/08
4;2;Aesculus carnea ;Purpur-Kasta-nie ;7;Zuchtform ;15;gering ;Sonne bis Halbschat-ten ;5b;2.1;schwierig aufzuasten, nicht geeignet bei Bodenver-dichtungen und hohem Versiegelungsgrad, geringer Befall durch Miniermotte, geringer Fruchtfall 
4;2;Aesculus carnea „Briotii“ ;Scharlachkas-tanie ;7;Zuchtform ;15;gering ;Sonne bis Halbschat-ten ;5b;2.1;wie die Art, jedoch kräftiger gefärbte Blüte, in ver-schiedenen Typen im Handel 
4;1;Aesculus hippocasta-num ;Kastanie;7;Balkanhalbinsel ;25;gering ;Sonne bis Halbschat-ten ;4;4.2;empfindlich gegen Bodenverdichtungen und Streu-salz, Fruchtfall beachten, starker Kronen- und Wur-zeldruck 
4;1;Aesculus hippocasta-num „Baumannii“ ;Fleischrote Rosskastanie;7;Zuchtform ;;;Sonne bis Halbschat-ten ;4;4.2;wie die Art, jedoch länger und gefüllt blühend, keine Fruchtbildung 
4;1;Aesculus hippocasta-num „Baumannii“ ;Gefüllt-blühen-de Rosskasta-nie ;7;Zuchtform ;;;Sonne bis Halbschat-ten ;4;4.2;wie die Art, jedoch länger und gefüllt blühend, keine Fruchtbildung 
4;3;Aesculus parviflora ;Ross-Kastanie;7;Nordamerika ;5;mittel ;Sonne bis Halbschat-ten ;5b;-;kein Lichtraumprofil für den Straßenraum herstell-bar 
A ;2;Aesculus pavia ;Echte Pavie ;6;Nordamerika ;12;;Sonne bis Halbschat-ten ;5;-;breiter, kegelförmiger Wuchs, Strauch oder kleiner Baum, geringe Toleranz gegen kalkhaltige Böden 
2;2;Alnus cordata ;Italienische Erle ;– ;Südeuropa ;15;mittel ;Sonne bis Halbschat-ten ;6b;2.2;treibt früh aus, deshalb gelegentlich spätfrostgefähr-det, industrie- und stadtklimafest, sehr windverträg-lich, Schneebruchgefahr durch lang haftendes Laub 
A ;2;Alnus glutinosa ;Schwarzerle ;5;heimisch ;20;mittel ;Sonne bis Halbschat-ten ;3;4.2;windfest, stickstoffbindend, schnelle Laubverrottung, sehr tief gehendes Wurzelsystem, nicht geeignet bei Bodenverdichtungen und hohem Versiegelungsgrad 
A ;2;Alnus incana ;Grauerle ;5;heimisch ;20;mittel ;Sonne bis Halbschat-ten ;2;1.1;"anspruchslos, sehr frosthart, windresistent, salzto-lerant, Stickstoffsammler; wurzelt flacher als Alnus glutinosa, bildet Ausläufer "
1;2;Alnus x spaethii ;Purpur-Erle;– ;Zuchtform ;15;mittel ;Sonne ;3;2.1;frosthart, windfest, wüchsig, gerader, durchgehender Stamm, Schneebruchgefahr durch lang haftendes Laub, Ergebnisse aus Straßenbaumtest 1 beachten
1;2;Alnus x spaethii ;Purpurerle ;– ;Zuchtform ;15;mittel ;Sonne ;3;2.1;frosthart, windfest, wüchsig, gerader, durchgehender Stamm, Schneebruchgefahr durch lang haftendes Laub, Ergebnisse aus Straßenbaumtest 1 beachten
2;3;Amelanchier arborea „Robin Hill“ ;Felsenbirne ;3;Nordamerika ;8;mittel ;Sonne bis Halbschat-ten ;5a;2.1;breit eiförmige Krone, früh blühend und angenehm duftend, für Kübel und Container geeignet, im Stra-ßenbaumtest 2 seit 2005
3;3;Amelanchier lamarckii ;Felsenbirne ;3;Nordamerika ;8;mittel ;Sonne bis Halbschat-ten ;4;-;eiförmige Krone, 
3;3;Betula albo-sinensis ;Kupferbirke ;– ;West-China ;8;mittel ;Sonne bis Halbschat-ten ;6a;-;lockere aufrechte Krone 
3;2;Betula nigra ;Schwarz-Birke ;– ;Nordostamerika ;20;mittel ;Sonne bis Halbschat-ten ;5a;-;Krone breit ausladend, Spitzen im Alter hängend 
2;1;Betula papyrifera ;Birke;– ;nördliches Nord-amerika ;25;stark ;Sonne ;4;4.1;pyramidale Krone, kurzlebig, nicht stadtklimafest, nicht in befestigten Flächen verwenden, Pflanzzeit-punkt beachten, hitzeempfindlich 
A ;2;Betula pendula „Dalecarlica“ ;Schlitzblättrige Hänge-Birke ;2;heimisch, Zucht-form ;(10) 15 – 20;;Sonne ;2;-;hoher Baum mit schmaler Krone und meist durch-gehendem Mittelstamm, trockenresistent 
3;2;Betula pendula „Tristis“ ;Hängebirke ;2;heimisch, Zucht-form ;20;mittel ;Sonne bis Halbschat-ten ;2;2.1;lockere Krone, von schmal eiförmig bis breit ausla-dend, Zweige tief hängend 
2;1;„Betula pendula syn. B. verrucosa“ ;Sandbirke;2;heimisch ;18 – 25 (30);stark ;Sonne ;2;2.1;lockere, hochgewölbte Krone, Seitenbezweigung oft lang herunterhängend, frosthart, nicht stadtklima-fest, neigt zur Anhebung von Belägen, nicht in befes-tigten Flächen verwenden, Pflanzzeitpunkt beachten 
2;1;„Betula pendula syn. B. verrucosa“ ;Sandbirke. weiss-Birke;2;heimisch ;18 – 25 (30);stark ;Sonne ;2;2.1;lockere, hochgewölbte Krone, Seitenbezweigung oft lang herunterhängend, frosthart, nicht stadtklima-fest, neigt zur Anhebung von Belägen, nicht in befes-tigten Flächen verwenden, Pflanzzeitpunkt beachten 
A ;3;Betula populifolia ;Pappelblättrige Birke-Hybride ;– ;Nordamerika ;9;;Sonne bis Halbschat-ten ;5;-;"keine Toleranz gegenüber sauerstoffarmen Böden; mittlere Toleranz gegenüber salzhaltigen Böden, zeitweise trockenen Böden, kalkhaltigen Böden "
A ;2;Betula pubescens ;Moor-Birke ;– ;Mitteleuropa ;15;;Sonne ;1;-;aufrecht-runde bis breit-ovale Krone, Äste stehen starr, spitzwinkelig bis waagerecht 
A ;2;Betula utilis „Doorenbos“ ;„Doorenbos Weißrindige Himalaya- Birke“ ;– ;China, Zuchtform ;;stark ;Sonne ;6a;-;"häufig mehrstämmig; breitovale, transparente Kro-ne; trichterförmig aufsteigend; schräg abstehende Seitenäste "
3;3;„Betula utilis syn. B. jacquemontii“ ;Himalaya-Birke;– ;China ;;;Sonne ;6a;4.3;aufrecht wachsend, Wurzeln flach ausgebreitet, ho-her Anteil an Feinwurzeln in der oberen Bodenzone, Pflanzzeitpunkt beachten 
2;2;Carpinus betulus ;Buche;3;heimisch ;20;mittel ;Sonne bis Halbschat-ten ;5b;2.1;
1;2;Carpinus betulus „Fastigiata“ ;Hainbuche;3;heimisch, Zucht-form ;20;gering ;Halbschat-ten ;5b;2.1;
1;2;Carpinus betulus „Frans Fontaine“ ;Hainbuchenbl√§ttriger Ahorn;3;heimisch, Zucht-form ;15;gering ;Sonne bis Halbschat-ten ;5b;2.1;
A ;1;Carpinus betulus „Quercifolia“ ;Eichenblättrige Hainbuche ;3;heimisch, Zucht-form ;25;gering ;Sonne bis Schatten ;5b;-;
3;1;Castanea sativa ;Rotbl√ºhende Kastanie;7;Südwesteuropa ;30;gering ;Sonne bis Halbschat-ten ;6a;2.2;
2;3;Catalpa bignonioides ;Kugel-Trompetenbaum;5;Nord-Amerika ;;;Sonne bis Halbschat-ten ;6b;3.3;"rundliche Krone mit weit ausladenden Seitenästen, artbedingt kein durchgehender Leittrieb; auffallen-de Blüten, Blätter und Früchte, auf Lichtraumprofil achten "
2;3;Catalpa bignonioides ;Trompetenbaum;5;Nord-Amerika ;;;Sonne bis Halbschat-ten ;6b;3.3;"rundliche Krone mit weit ausladenden Seitenästen, artbedingt kein durchgehender Leittrieb; auffallen-de Blüten, Blätter und Früchte, auf Lichtraumprofil achten "
3;3;Catalpa bignonioides „Nana“ ;G√∂tterbaum;5;Zuchtform ;7;gering ;Sonne bis Halbschat-ten ;6b;3.3;
1;2;Celtis australis ;Zürgelbaum;– ;Südeuropa, Nord-afrika ;20;mittel ;Sonne bis Halbschat-ten ;6;1.3;
1;2;Celtis australis ;Z√ºrgelbaum;– ;Südeuropa, Nord-afrika ;20;mittel ;Sonne bis Halbschat-ten ;6;1.3;
A ;2;Celtis occidentalis ;Zürgelbaum;– ;Kanada, Nord-amerika ;20;mittel ;Sonne bis Halbschat-ten ;4;1.2;
A ;3;Cercis chinensis ;Chinesischer Judasbaum ;– ;China ;10;;Sonne bis Halbschat-ten ;6;-;meistens in Strauchform, aber auch als Baum 
2;3;Cercis siliquastrum ;Judasbaum ;4;Südeuropa, Nord-afrika ;4;gering ;Sonne ;7a;-;runde, breit auswachsende Krone, wärmeliebend (Weinbauklima), für trockene und sonnige Standorte geeignet, da frostempfindlich nur an geschützten Standorten, stadtklimafest, auf geraden Leittrieb achten 
A ;3;Chamaerops humilis ;Europäische Zwergpalme ;– ;Südwesteuropa, Nordafrika ;3;;Sonne bis absonnig ;9;-;meist mehrstämmig, dadurch buschiger Wuchs, nur ältere Exemplare vertragen Minustemperaturen bis -10°C
A ;;Cladratis kentukea ;Amerikani-sches Gelbholz ;;östliches Nord-amerika ;15;mittel ;Sonne ;4a;-;"breite, runde Krone; keine Toleranz gegen salzhaltige oder sauerstoffarme Böden "
A ;3;Cladratis sinensis ;Chinesisches Gelbholz ;3;China ;10;;Sonne ;6;1.1;weiße Schmetterlingsblüten im Juli/August, mehr-stämmiger Strauch 
1;3;Cornus mas ;Zierkirsche;6;heimisch ;6 (8);mittel ;Sonne bis Halbschat-ten ;5a;1.1;
1;3;Cornus mas ;Kirsche;6;heimisch ;6 (8);mittel ;Sonne bis Halbschat-ten ;5a;1.1;
3;B ;Corylus avellana ;Walnuss;4;heimisch ;7;gering ;Halbschat-ten ;5a;3.1;
1;2;Corylus colurna ;Baumhasel;4;Südosteuropa, Mittelasien ;18;gering ;Sonne bis Halbschat-ten ;5b;2.2;
3;3;Crataegus coccinea ;Scharlachdorn ;– ;östliches Nord-amerika ;9;gering ;Sonne bis Halbschat-ten ;5a;-;
2;3;Crataegus crus-galli syn. C. prunifolia „Splendens“ ;Hahnendorn ;– ;Nordamerika ;7 (9);mittel ;Sonne bis Halbschat-ten ;5a;2.1;
A ;3;Crataegus laevigata ;Zweigriffeliger Weißdorn ;5;Mitteleuropa, Nordafrika, West-asien ;;;Sonne bis Halbschat-ten ;5b;-;wächst auch als Strauch, für Hecken geeignet 
2;3;Crataegus laevigata „Paul's Scarlet“ syn. C. monogyna „Kermesina Plena“ ;Rotdorn;5;heimisch, Zucht-form ;6 (8);mittel ;Sonne bis Halbschat-ten ;5b;-;
1;3;Crataegus lavallei „Carrierei“ syn. C. carrierei ;Apfeldorn ;– ;Zuchtform ;7;mittel ;Sonne bis Halbschat-ten ;5b;-;
3;3;Crataegus monogyna ;Eingriffeliger Weißdorn ;5;heimisch ;7;gering ;Sonne bis Halbschat-ten ;5a;-;
2;3;Crataegus monogyna „Stricta“ ;Säulenweiß-dorn ;5;heimisch, Zucht-form ;;;Sonne bis Halbschat-ten ;5a;2.1;straff aufrecht bis säulenförmig, im Alter auseinan-derfallend, Triebe mit Dornen behaftet, für Kübel und Container geeignet 
A ;3;Crataegus nigra ;Schwarzfrüch-tiger Weißdorn ;– ;heimisch ;;;Sonne bis Halbschat-ten ;5;-;Strauch oder Kleinbaum 
3;3;Crataegus x prunifolia „Splendens“ ;Wei√üdorn;– ;Zuchtform ;;;Sonne bis Halbschat-ten ;5a;3.1;
2;3;„Crataegus x pruni-folia syn. C. x persimilus“ ;Pflaumenblätt-riger Weißdorn ;– ;Europa, West- Asien ;;;Sonne bis Halbschat-ten ;5a;3.1;
A ;2;Davidia involucrata ;Taschentuch-baum ;– ;China, Korea ;;;Sonne bis Halbschat-ten ;5;-;
A ;3;Elaeagnus angustifolia ;Weide;4;Südeuropa, Mittel-meerraum ;;;Halbschat-ten ;4;1.2;
3;2;Eucommia ulmoides ;Guttapercha-baum ;– ;China ;;;Sonne bis Halbschat-ten ;6b;-;
A ;3;„Euodia hupehensis syn. Tetradium dani-ellii“ ;Bienenbaum ;8;China, Korea ;;;;7a;-;breite Krone, schnellwachsend, aromatischer Duft, sehr trockene oder sehr nasse Böden sind zu ver-meiden 
A ;1;Fagus sylvatica ;Hopfenbuche;3;heimisch ;;;Sonne bis Halbschat-ten ;5b;3.2;
A ;1;Fagus sylvatica ;Rotbuche;3;heimisch ;;;Sonne bis Halbschat-ten ;5b;3.2;
A ;2;Fagus sylvatica „Asplenifolia“ ;Farnblättrige Buche ;3;heimisch, Zucht-form ;;;Sonne bis Schatten ;5b;-;
A ;2;Fagus sylvatica „Dawyck“ syn. F. sylvatica „Fastigiata“ ;Säulen-Rotbu-che ;3;heimisch, Zucht-form ;;;Sonne bis Halbschat-ten ;5b;3.2;
A ;2;Fagus sylvatica „Pendula“ ;Hänge-Buche ;3;heimisch, Zucht-form ;;;Sonne ;5b;-;Trauerform, herabhängende Äste 
A ;1;Fagus sylvatica „Purpurea“ ;Blutbuche ;3;heimisch, Zucht-form ;35;gering ;Sonne bis Halbschat-ten ;6b;-;
A ;3;Fagus sylvatica „Tortuosa“ ;Süntel-Buche ;3;heimisch, Zucht-form ;;;Sonne bis Halbschat-ten ;5b;-;verdrehtes Astwerk, wachsen mehr in die Breite als in die Höhe, halbkugel- oder pilzförmige Kronen 
3;2;Fraxinus americana „Autumn Purple“ syn. Fraxinus americana „Junginger“ ;Weißesche ;– ;Zuchtform ;18;stark ;Sonne ;4;-;
2;2;Fraxinus americana „Summit Ash“ ;Weißesche ;– ;Zuchtform ;18;gering ;Sonne bis Halbschat-ten ;;-;
4;2;Fraxinus angustifolia ;Schmalblättri-ge Esche ;– ;Südeuropa, Mittel-meerraum ;20;stark ;Sonne bis Halbschat-ten ;6b;-;
4;2;Fraxinus angustifolia „Raywood“ syn. F. oxyacarpa „Flame“ F. oxyacarpa 'Raywood ;Fraxinus;– ;Zuchtform ;;;Sonne bis Halbschat-ten ;6b;1.2;hitzeverträglich und Wärme liebend, gebietsweise frostempfindlich, stadtklimafest, ohne Früchte, auf-fallende Herbstfärbung 
4;1;Fraxinus excelsior ;Gemeine Esche ;– ;heimisch ;;;Sonne bis Halbschat-ten ;4;2.2;rundliche, lichte Krone, weit ausladend, später Austrieb, früher Laubfall, empfindlich gegen Ober-flächenverdichtung 
4;2;Fraxinus excelsior „Altena“ syn. F. excel-sior „Monarch“ ;Esche ;– ;heimisch, Zucht-form ;20;stark ;Sonne bis Halbschat-ten ;4;-;
4;2;Fraxinus excelsior „Atlas“ ;Esche ;– ;heimisch, Zucht-form ;20;stark ;Sonne bis Halbschat-ten ;4;-;
4;1;Fraxinus excelsior „Diversifolia“ ;Einblättrige Esche ;– ;heimisch, Zucht-form ;22;stark ;Sonne ;4;-;
4;2;Fraxinus excelsior „Geessink“ ;Esche ;– ;heimisch, Zucht-form ;20;stark ;Sonne bis Halbschat-ten ;4;-;
4;3;Fraxinus excelsior „Globosa“ syn. F. excelsior „Nana“ ;Kugelesche ;– ;heimisch, Zucht-form ;5;mittel ;Sonne bis Halbschat-ten ;4;-;
4;2;Fraxinus excelsior „Pendula“ ;H√§ngeesche;– ;heimisch, Zucht-form ;15;stark ;Sonne ;4;-;
4;1;Fraxinus excelsior „Westhof´s Glorie“ ;nichtfruchten-de Straßen-esche ;– ;heimisch, Zucht-form ;30;stark ;Sonne ;4;-;
4;3;Fraxinus ornus ;Blumenesche ;4;Südeuropa, West-asien ;10;stark ;Sonne ;7a;-;
4;3;Fraxinus ornus „Mecsek“ ;Kugelförmige Blumenesche ;4;Zuchtform ;6;mittel ;Sonne ;7a;-;
4;3;Fraxinus ornus „Obelisk“ ;Blumenesche ;4;Zuchtform ;10;mittel ;Sonne ;7a;-;
4;3;Fraxinus ornus „Rotterdam“ ;Blumenesche ;4;Zuchtform ;12;mittel ;Sonne ;;-;
A ;2;Fraxinus pallisiae ;Behaarte Esche ;– ;Osteuropa, West-aisen ;;;Sonne ;6;1.1;Flechten auf der Rinde können bei Kontakt zu Haut-reizungen führen 
3;;Fraxinus pennsylvani-ca „Summit“ ;Nordamerika-nische Rot-esche ;Zuchtform ;;14;stark ;Sonne bis absonnig ;4a;-;"schmale Kronenstruktur; bevorzugt trockene, kalk-haltige, durchlässige Böden "
3;2;Gleditsia triacanthos ;Gleditschie;5;östliches Nord-amerika ;20;stark ;Sonne ;6a;1.2;:D 
2;2;"Gleditsia triacanthos ""Inermis"" ";Dornenlose Gleditschie ;3;Zuchtform ;25;stark ;Sonne ;6a;1.2;
2;2;"Gleditsia triacanthos ""Shademaster"" ";Dornenlose Gleditschie ;5;Zuchtform ;Sonne ;;;6a;1.2;wie die Art, jedoch dornenlose Sorte, bei der in Einzelfällen nachträglich Dornen gebildet werden können, später Laubfall 
1;2;Gleditsia triacanthos „Skyline“ ;Gleditschie ;0;Zuchtform ;15;stark ;Sonne ;6a;1.2;:D 
2;3;Gleditsia triacanthos „Sunburst“ ;Gold-Gledit-schie ;5;Zuchtform ;10;stark ;Sonne ;6a;1.2;:D 
A ;2;Gymnocladus dioicus ;Geweihbaum ;– ;mittleres Nord-amerika ;20;;vollsonnig bis abson-nig ;6a;-;Krone hochgewölbt bis eiförmig, wenig verzweigt, im Alter malerisch unregelmäßig, stadtklimaresistent 
3;2;Ilex aquifolium ;Stechpalme ;4;heimisch ;12;gering ;Sonne bis Halbschat-ten ;7a;-;
A ;2;Juglans cinerea ;Butternuss ;– ;östliches Nord-amerika ;18;;Sonne ;5;-;ausladende Krone unregelmäßig gerundet mit fast horizontal weit ausgebreiteten Ästen, keine Toleranz gegenüber salzhaltigen Böden, sauerstoffarmen Böden, kalkhaltigen Böden 
A ;1;Juglans nigra ;Schwarznuss ;– ;östliches Nord-amerika ;30;;Sonne oder lichter Schatten ;5b;-;breite Krone, keine Toleranz gegenüber salzhalti-gen Böden, sauerstoffarmen Böden, hohe Toleranz gegenüber kalkhaltigen Böden, Stadtklima 
3;1;Juglans regia ;Walnuss ;3;Südosteuropa, Mittelasien ;30;gering ;Sonne bis Halbschat-ten ;6a;3.3;
2;3;Koelreuteria panicu-lata ;Säulen-Blasenesche;4;Ostasien ;8;stark ;Sonne ;7a;1.4;
2;3;Koelreuteria panicu-lata ;Blasenesche ;4;Ostasien ;8;stark ;Sonne ;7a;1.4;
2;3;Koelreuteria panicula-ta „Fastigiata“ ;Säulen-Blasen-esche ;4;Zuchtform ;10;stark ;Sonne ;6b;1.4;
A ;3;Laburnum watereri vosseii ;Edelgoldregen ;3;Zuchtform ;7;gering ;Sonne bis Halbschat-ten ;6a;-;
A ;2;Liquidambar orien-talis ;Orientalischer Amberbaum ;– ;Asien ;;;Sonne ;8;-;geschlossene, eiförmige Krone, mäßige Windbestän-digkeit, buschiger Strauch bis kleiner Baum 
2;2;Liquidambar styra-ciflua ;Amberbaum ;4;südöstliches Nord-amerika ;20;mittel ;Sonne ;5b;2.3;
2;2;Liquidambar styra-ciflua „Moraine“ ;Ahornblättrige Platane;4;Zuchtform ;20;mittel ;Sonne bis Halbschat-ten ;5b;2.3;
2;2;Liquidambar styra-ciflua „Moraine“ ;Platane;4;Zuchtform ;20;mittel ;Sonne bis Halbschat-ten ;5b;2.3;
2;1;Liquidambar styra-ciflua „Paarl“ ;Amberbaum ;4;Zuchtform ;25;mittel ;Sonne ;5b;2.3;
3;2;Liquidambar styra-ciflua „Worplesdon“ ;Amberbaum ;4;Zuchtform ;15;mittel ;Sonne ;5b;2.3;
A ;1;Liriodendron chinense ;Chinesischer Tulpenbaum ;– ;China ;gering ;;Sonne bis Halbschat-ten ;8;-;rundliche bis breit säulenförmige Krone 
2;1;Liriodendron tulipifera ;Rotahorn;6;Nordostamerika ;35;mittel ;Sonne ;6a;3.2;
2;1;Liriodendron tulipifera ;Schwarz-Ahorn 'faassen's black;6;Nordostamerika ;35;mittel ;Sonne ;6a;3.2;
2;2;Liriodendron tulipifera „Fastigiata“ ;Säulenförmi-ger Tulpen-baum ;6;Zuchtform ;18;gering ;Sonne ;5a;3.2;
A ;2;Maclura pomifera ;Osagedorn ;– ;Nordostamerika ;;mittel ;Sonne ;5;-;
3;3;Magnolia „Galaxy“ ;Magnolie;3;Zuchtform ;;;Sonne bis Halbschat-ten ;6b;-;
3;3;Magnolia „Galaxy“ ;Magnolie ;3;Zuchtform ;;;Sonne bis Halbschat-ten ;6b;-;
3;1;Magnolia grandiflora ;Immergrüne Magnolie ;3;südöstliches Ame-rika ;;mittel ;Sonne bis Halbschat-ten ;7a;-;
2;3;Magnolia kobus ;Schwarzkiefer;Oesterreichische Schwarzkiefer;Oesterreichische Schwarzkiefer;Oesterreichische Schwarzkiefer;Oesterreichische Schwarzkiefer;Oesterreichische Schwarzkiefer;Oesterreichische Schwarzkiefer;3.2;Oesterreichische Schwarzkiefer
2;3;Magnolia kobus ;Oesterreichische Schwarzkiefer;Oesterreichische Schwarzkiefer;Oesterreichische Schwarzkiefer;Oesterreichische Schwarzkiefer;Oesterreichische Schwarzkiefer;Oesterreichische Schwarzkiefer;Oesterreichische Schwarzkiefer;3.2;Oesterreichische Schwarzkiefer
2;3;Magnolia kobus ;Gemeine kiefer;3;Japan ;10;mittel ;Sonne bis Halbschat-ten ;5a;3.2;:D 
2;3;Malus „Evereste“ ;Zierapfel;7;Zuchtform ;6;mittel ;Sonne bis Halbschat-ten ;5;-;
3;3;Malus „Hillieri“ ;Zierapfel ;5;Zuchtform ;8;mittel ;Sonne bis Halbschat-ten ;5;-;
2;3;Malus „Red Sentinel“ ;Zierapfel ;7;Zuchtform ;5;mittel ;Sonne bis Halbschat-ten ;5;-;
2;3;Malus „Rudolph“ ;Zierapfel ;7;Zuchtform ;6;mittel ;Sonne bis Halbschat-ten ;5;-;
2;2;Malus „Stenström“ ;Rotlaubiger Zierapfel ;7;Zuchtform ;15;mittel ;Sonne bis Halbschat-ten ;5;-;
2;3;Malus „Street Parade“ ;Sibirischer Apfel ;7;Zuchtform ;6;mittel ;Sonne bis Halbschat-ten ;3;-;
3;3;Malus „Van Eseltime“ ;Zierapfel ;7;Zuchtform ;8;mittel ;Sonne bis Halbschat-ten ;5;-;
A ;2;Malus domestica ;Kulturapfel ;9;Zuchtform ;15;mittel ;Sonne ;5;-;
A ;3;Malus floribunda ;Vielblütiger Apfel ;7;Japan ;8;stark ;Sonne bis absonnig ;4;-;
A ;3;Malus sargentii ;Sargents-Apfel ;7;Asien ;;;Sonne ;5;-;halbaufrechter Wuchs, bilden mehrere Stämme aus, keine Toleranz gegenüber sauerstoffarmen Böden, 1,5-2 mal so breit wie hoch
3;3;Malus sylvestris ;Apfel;9;heimisch ;10;mittel ;Sonne bis Halbschat-ten ;4;3.2;
3;3;Malus toringo ;Japanischer Zierapfel ;7;Japan ;8;mittel ;Sonne bis Halbschat-ten ;5;-;
A ;;Malus toringoides ;Chinesischer Apfel ;7;Asien ;3;;Sonne ;6;-;breite Krone 
2;3;„Malus trilobata syn. Eriolobus triloba-tus“ ;Dreilappiger Apfel ;7;Libanon ;8;mittel ;Sonne bis Halbschat-ten ;5;-;
1;2;Malus tschonoskii ;Ginkgo;7;Japan ;12;mittel ;Sonne bis Halbschat-ten ;6;2.1;
A ;3;Malus x purpurea ;Purpur-Apfel ;7;Asien ;;;Sonne ;6;-;
A ;2;Melia azedarach ;Paternoster-baum ;– ;Süd-, Südostasien ;15;gering ;Sonne bis Halbschat-ten ;7;-;
2;3;Mespilus germanica ;Echte Mispel ;6;Westasien, Süd-osteuropa ;5;mittel ;Sonne bis Halbschat-ten ;5b;2.2;
3;2;Morus alba ;Kiefer;– ;China ;15;mittel ;Sonne bis Halbschat-ten ;5b;1.3;
A ;;Morus nigra ;Schwarzer Maulbeer-baum ;;Westasien ;10;mittel ;Sonne ;5a;-;"bevorzugen gut durchlässigen, eher feuchte Böden; hitzeverträglich "
;A ;Morus rubra ;Rote Maulbee-re ;– ;östlich Nordame-rika ;10 – 15 (20);;Sonne bis Halbschat-ten ;9a;-;
3;2;Nyssa sylvatica ;Tupelobaum;5;östliches Nord-amerika ;20;;;6b;2.2;
2;2;Ostrya carpinifolia ;Lawsons Scheinzypresse;– ;Südeuropa, West-asien ;15;;;6b;1.1;
3;3;Parrotia persica ;Eisenholzbaum;– ;Nordiran ;10;;;5;2.2;
2;3;Parrotia persica „Vanessa“ ;Eisenholz-baum ;– ;Zuchtform ;10;;;5a;-;:D 
3;2;Paulownia tomentosa ;Blauglockenbaum;3;China ;15;;;7b;2.4;
A ;2;Phellodendron sacha-linense ;Korkbaum;4;Ostasien ;15;;;;1.1;breite, lockere Baumkrone 
4;3;Platanus acerifolia ;Platane ;– ;Zuchtform ;5;gering ;Sonne bis Halbschat-ten ;;-;dachförmig gezogene Platane, jährlicher Schnittbe-darf 
4;1;Platanus acerifolia syn. P. x hybrida, P. hispanica ;Feldahorn;– ;Zuchtform ;41;;;6b;1.2;
2;1;Platanus orientalis ;Morgenländische Platane;– ;Südosteuropa, Kleinasien ;30;;;7a;-;
2;1;Platanus orientalis ;Morgenländi-sche Platane ;– ;Südosteuropa, Kleinasien ;30;;;7a;-;
3;1;Populus alba ;Grau-Pappel;5;heimisch ;30;;;4a;1.2;
3;1;Populus alba „Nivea“ ;Silber-Pappel;5;heimisch, Zucht-form ;30;;;4;1.2;
3;1;Populus alba „Nivea“ ;Silberpappel ;5;heimisch, Zucht-form ;30;;;4;1.2;
3;1;Populus berolinensis ;Italienische Pyramiden-Pappel;– ;Zuchtform ;25;;;4;2.1;
A ;1;Populus nigra ;Schwarzpap-pel ;5;heimisch ;30;;;5;-;
A ;1;Populus nigra „Italica“ ;Säulenpappel ;5;heimisch, Zucht-form ;30;;;4;-;
3;3;Populus simonii „Fastigiata“ ;Säulenbirken-pappel ;– ;China ;10;;;4;3.2;
3;1;„Populus simonii syn. P. brevifolia“ ;Schwarzpappel;– ;China ;15;;;4;3.2;
A ;2;Populus tremula ;Pappel;5;heimisch ;20;;;2;2.1;
A ;1;Populus x canescens ;Graupappel ;5;heimisch ;20 – 25 (30);;Sonne ;;-;breit ausladende, unregelmäßige Krone, für land-schaftlich geprägte Gebiete, bildet Wurzelausläufer 
3;3;Prunus „Pandora“ ;Zierkirsche;6;Zuchtform ;9;;;6;-;
A ;1;Prunus avium ;Vogelkirsche;9;heimisch ;15 – 20 (30);gering ;Sonne bis Halbschat-ten ;;-;breite, eirunde Krone, Äste etagenförmig angeordnet, wärmeliebend, frosthart, empfindlich gegen Boden-verdichtung und Überbauung, Gefahr von Gummi-fluss 
3;2;Prunus avium „Plena“ ;Gefuelltbluehende Vogelkirsche;1;heimisch, Zucht-form ;15;;;5a;1.1;
A ;3;Prunus cerasifera ;Kirschpflaume ;6;Süd-Ost-Europa, Süd-West-Asien ;8;;;5a;-;
A ;3;Prunus cerasifera „Nigra“ ;Blutpflaume ;6;Süd-Ost-Europa, Süd-West-Asien, Zuchtform ;8;;;5a;1.2;
A ;3;Prunus cerasifera „Rosea“ ;Kirschpflaume ;6;Süd-Ost-Europa, Süd-West-Asien, Zuchtform ;5;;Sonne bis Halbschat-ten ;;-;
A ;3;Prunus cerasus ;Sauerkirsche ;9;unbekannt ;1;;;;-;Strauch oder Baum, lockere, rundliche Krone, Äste sind abstehend und hängen oft über 
A ;;Prunus cerasus „Rhexii“ ;Sauerkirsche ;1;unbekannt ;;8;Sonne bis Halbschat-ten ;;-;
A ;3;Prunus domestica ;Kulturpflaume ;6;Asien ;10;;Sonne ;5;-;
3;3;Prunus hilliere „Spire“ ;Zierkirsche ;6;Zuchtform ;8;mittel ;Sonne bis Halbschat-ten ;6b;-;
A ;3;Prunus mahaleb ;Steinweichsel;– ;heimisch ;10;mittel ;Sonne bis Halbschat-ten ;5a;-;
A ;2;Prunus padus ;Traubenkirsche;2;heimisch ;15;mittel ;Sonne bis Halbschat-ten ;3;4.1;
A ;2;Prunus padus ;Trauben-Kirsche;2;heimisch ;15;mittel ;Sonne bis Halbschat-ten ;3;4.1;
3;3;Prunus padus „Albertii“ ;Mahagoni-Kirsche;2;heimisch, Zucht-form ;8;mittel ;Sonne bis Halbschat-ten ;3;4.1;
2;2;Prunus padus „Schloss Tiefurt“ ;Korea-Tanne;2;heimisch, Zucht-form ;12;mittel ;Sonne bis Halbschat-ten ;3;4.1;
3;2;Prunus sargentii ;Scharlachkir-sche ;4;Japan ;12;mittel ;Sonne bis Halbschat-ten ;6a;3.2;
3;3;Prunus sargentii „Accolade“ syn. Pr. „Accolade“ ;Japanische Zierkirsche 'kanzan;4;Japan, Zuchtform ;8;mittel ;Sonne bis Halbschat-ten ;6a;3.2;
3;3;Prunus sargentii „Rancho“ ;Suess-Kirsche.vogel-kirsche;4;Japan, Zuchtform ;8;mittel ;Sonne bis Halbschat-ten ;6a;3.2;
3;3;Prunus sargentii „Rancho“ ;Suess-Kirsche;4;Japan, Zuchtform ;8;mittel ;Sonne bis Halbschat-ten ;6a;3.2;
3;3;Prunus serrulata „Amanogawa“ ;Säulenkirsche ;4;China, Korea, Japan, Zuchtform ;6;mittel ;Sonne bis Halbschat-ten ;6a;-;
3;3;Prunus serrulata „Kanzan“ syn. Pr. „Hisakura“, Pr. „Kwanzan“ ;Japanische Nelkenkirsche ;1;Japan, Zuchtform ;;;Sonne bis Halbschat-ten ;6a;-;breit trichterförmige, später ausladende Krone, auf Lichtraumprofil achten, auffallende Blüte und Herbstfärbung, selten fruchtend 
3;3;Prunus serrulata „Sirofugen“ ;Weiße Zierkir-sche ;1;Japan, Zuchtform ;9;mittel ;Sonne bis Halbschat-ten ;6a;-;
3;2;Prunus spec. ;Japanische Kirsche in Arten und Sorten ;– ;Japan, Zuchtform ;15;gering ;Sonne ;6a;-;
A ;3;Prunus spinosa ;Schlehe ;6;Mitteleuropa ;3 (4);gering ;Sonne bis lichter Schatten ;5a;-;
3;3;Prunus subhirtella „Autumnalis“ ;Winterkirsche ;4;Japan ;8;mittel ;Sonne bis Halbschat-ten ;6a;-;
1;3;Prunus x schmittii ;Zierkirsche ;6;Japan ;10;mittel ;Sonne ;5b;3.1;
A ;2;Pterocarya fraxinifolia ;Fl√ºgelnuss;– ;Kaukasus ;Sonne bis Halbschat-ten ;;;5a;3.3;breit ausladende Krone, durch starke Wurzelausläu-ferbildung teilweise dichte Bestände bildend, schnell wachsend 
3;2;Pterocarya rhoifolia „Bokravention“ syn. P. rhoifolia „Kyoto Convention“ ;Japanische Flügelnuss ;– ;Japan ;15;mittel ;Sonne ;6a;-;
3;2;Pyrus calleryana „Bradford“ ;Felsenbirne;6;Zuchtform ;15;mittel ;Sonne bis Halbschat-ten ;6a;1.2;
3;2;Pyrus calleryana „Chanticleer“ ;Chinesische Wildbirne ;6;Zuchtform ;Sonne bis Halbschat-ten ;;;5b;1.2;schmal kegelförmige Krone, später locker, breit py-ramidal, Laubfall erst nach starkem Frost (Schnee-bruchgefahr), vereinzelt Fruchtbildung, frühe Ver-greisung 
3;2;Pyrus caucasica ;Kaukasische Birne ;– ;Zuchtform ;12;mittel ;Sonne ;5a;-;
A ;2;Pyrus communis ;Kultur-Birne;6;Mittel- bis Südost-europa, Westasien ;5a;;;;-;klassische Birnbäume zeigen steile, ei- bis birnenför-mige Kronen mit ausgeprägter Stammverlängerung 
3;2;Pyrus communis „Beech Hill“ ;Stadtbirne ;6;Zuchtform ;12;mittel ;Sonne bis Halbschat-ten ;5b;2.2;
3;3;Pyrus regelii ;Turkmenische Birne ;– ;Zentralasien ;10;gering ;Sonne ;5b;-;
A ;3;Pyrus salicifolia ;Weidenblättri-ge Birne ;– ;Südosteuropa bis Westasien ;-7;mittel ;Sonne ;5b;-;
3;3;Pyrus salicifolia „Pendula“ ;Silberweide;– ;Zuchtform ;9;mittel ;Sonne bis Halbschat-ten ;5b;1.2;
A ;1;Quercus bicolor ;Amerikanische rot-Eiche;– ;nördöstliches USA, Südkanada ;25;;Sonne bis absonnig ;4;1.1;breite Krone, bevorzugt feuchten Standort, z. B. in Ufernähe, keine Toleranz gegenüber salzhaltigen Böden, stadtklimafest 
A ;1;Quercus castaneifolia ;Kastanienblätt-rige Eiche ;– ;Iran, Aserbaid-schan ;45;gering ;Sonne bis Halbschat-ten ;7a;-;
1;1;Quercus cerris ;Ungarische Eiche;– ;Südeuropa, Klein-asien ;30;mittel ;Sonne ;6b;1.2;
1;1;Quercus cerris ;Eiche;– ;Südeuropa, Klein-asien ;30;mittel ;Sonne ;6b;1.2;
3;1;Quercus coccinea ;Roteiche;– ;östliches Nord-amerika ;25;mittel ;Sonne ;5b;1.2;
2;2;Quercus frainetto ;Sommer-Eiche;– ;Südeuropa, Bal-kan ;20;gering ;Sonne bis Halbschat-ten ;6a;1.2;
2;2;Quercus frainetto „Trump“ ;Sommer-Eiche - stiel-eiche;– ;Zuchtform ;20;gering ;Sonne bis Halbschat-ten ;6a;1.2;
3;2;Quercus macranthera ;Zerr-Eiche;– ;Westasien ;15;mittel ;Sonne ;6a;1.2;
3;1;Quercus macrocarpa ;Bur-Eiche ;– ;östliches Nord-amerika ;30;mittel ;Sonne ;5-6;1.1;
1;2;Quercus palustris ;Sumpf-Eiche;– ;östliches Nord-amerika ;;;Sonne ;5b;2.2;gleichmäßige, kegelförmige Krone, gerader durch-gehender Stamm, auch auf mäßig trockenen Böden gedeihend, auf Kalkböden Chlorosegefahr, Laub oft lang haftend, auffallende Herbstfärbung 
1;2;Quercus palustris ;Sumpfeiche;– ;östliches Nord-amerika ;;;Sonne ;5b;2.2;gleichmäßige, kegelförmige Krone, gerader durch-gehender Stamm, auch auf mäßig trockenen Böden gedeihend, auf Kalkböden Chlorosegefahr, Laub oft lang haftend, auffallende Herbstfärbung 
1;1;Quercus petraea ;Trauben-Eiche - winter-eiche;3;heimisch ;;;Sonne bis Halbschat-ten ;5;2.2;regelmäßige, eiförmige Krone, tiefgrün glänzende Blätter, stadtklimafester als Quercus robur 
1;2;Quercus robur „Fastigiata Koster“ syn. Quercus robusta „Koster“ ;Schmale Pyramideneiche;3;heimisch, Zucht-form ;20;mittel ;Sonne bis Halbschat-ten ;5a;3.1;
1;2;Quercus robur „Fastigiata“ syn. Quercus pedun-culata „Fastigiata“ ;Pyramidenei-che ;3;heimisch, Zucht-form ;20;gering ;Sonne bis Halbschat-ten ;5a;3.1;
1;1;Quercus robur syn. Quercus pedun-culata ;Stiel-Eiche;3;heimisch ;;;Sonne bis Halbschat-ten ;5a;3.1;breit kegelige Krone, weit ausladend, lang haftendes, langsam verrottendes Laub, Pflanzung nicht vor De-zember, verträgt Überschwemmungen, reagiert auf Grundwasserabsenkung mit Wipfeldürre, frosthart 
3;1;Quercus velutina ;Färbereiche ;– ;Nordamerika ;30;mittel ;Sonne ;5;-;
3;2;Quercus x hispanica „Wageningen“ ;Spanische Eiche ;– ;Südeuropa, Na-turhybride ;15;mittel ;Sonne ;6a;-;
3;1;Robinia pseudoacacia „Bessoniana“ ;Kegelrobinie ;0;Zuchtform ;25;stark ;Sonne ;6;1.1;:D 
3;2;Robinia pseudoacacia „Monophylla“ syn. Robinia pseudoa-cacia „Unifolia“ ;Einblättrige Robinie;6;Zuchtform ;Sonne ;;;6;1.1;unregelmäßig kegelförmige Krone, aufrechter Wuchs, Hauptäste schlank aufrecht, gerader, durch-gehender Leittrieb, nur wenige kleine Dornen 
3;2;Robinia pseudoacacia „Monophylla“ syn. Robinia pseudoa-cacia „Unifolia“ ;Einblaettrige Robinie;6;Zuchtform ;Sonne ;;;6;1.1;unregelmäßig kegelförmige Krone, aufrechter Wuchs, Hauptäste schlank aufrecht, gerader, durch-gehender Leittrieb, nur wenige kleine Dornen 
3;1;Robinia pseudoacacia „Nyirsegi“ ;Stra√üenakazie 'Monophylla';6;Zuchtform ;30;mittel ;Sonne bis Vollsonne ;6;1.1;
3;1;Robinia pseudoacacia „Nyirsegi“ ;Scheinakazie 'bessoniana';6;Zuchtform ;30;mittel ;Sonne bis Vollsonne ;6;1.1;
3;1;Robinia pseudoacacia „Nyirsegi“ ;Schein-Akazie - silberregen;6;Zuchtform ;30;mittel ;Sonne bis Vollsonne ;6;1.1;
3;1;Robinia pseudoacacia „Nyirsegi“ ;Scheinakazie;6;Zuchtform ;30;mittel ;Sonne bis Vollsonne ;6;1.1;
3;1;Robinia pseudoacacia „Nyirsegi“ ;Strassenakazie 'Monophylla';6;Zuchtform ;30;mittel ;Sonne bis Vollsonne ;6;1.1;
3;1;Robinia pseudoacacia „Nyirsegi“ ;Robinie;6;Zuchtform ;30;mittel ;Sonne bis Vollsonne ;6;1.1;
3;1;Robinia pseudoacacia „Nyirsegi“ ;Robinie;6;Zuchtform ;30;mittel ;Sonne bis Vollsonne ;6;1.1;
3;1;Robinia pseudoacacia „Sandraudiga“ ;Robinie ;6;Zuchtform ;25;stark ;Sonne ;6;1.1;
3;2;Robinia pseudoacacia „Semperflorens“ ;Robinie ;6;Zuchtform ;20;stark ;Sonne bis Halbschat-ten ;6;1.1;
3;3;Robinia pseudoacacia „Umbraculifera“ ;Kugelrobinie ;0;Zuchtform ;6;gering ;Sonne bis Halbschat-ten ;6;1.1;
A ;2;Robinia viscosa ;Klebrige Ro-binie ;– ;westliche USA ;;mittel ;Sonne bis Halbschat-ten ;6a;1.1;breite, eiförmige, halboffene Krone, empfindlich gegenüber Wind 
A ;1;Salix alba ;Baum-Weide - kopf-weide - silb;9;heimisch ;25;gering ;Sonne bis Halbschat-ten ;4;3.1;"lockere, breite, ausladende Krone, bevorzugt feuchte Böden; Bruchgefahr "
A ;2;Salix alba „Tristis“ ;Trauerweissbirke-Haengebirke;9;heimisch, Zucht-form ;20;gering ;Sonne bis Halbschat-ten ;5a;3.1;"lockere, breite, ausladende Krone, bevorzugt feuchte Böden; Bruchgefahr "
A ;3;Salix caprea ;Salweide;10;heimisch ;;;;4;-;kurz- und schiefstämmig, rundkronig, Äste aufrecht, Zweige ausgebreitet bis ansteigend, Windschutz, Bienenweide, für Hänge und Böschungen geeignet 
2;2;Sophora japonica ;Schnurbaum;6;Japan, China, Korea ;20;stark ;Sonne ;;-;
2;2;Sophora japonica „Columnaris“ ;Schnurbaum ;6;Zuchtform ;12;stark ;Sonne ;;-;
2;2;Sophora japonica „Princeton Upright“ ;Schnurbaum ;6;Zuchtform ;15;stark ;Sonne ;;-;
2;2;Sophora japonica „Regent“ ;Schnurbaum ;6;Zuchtform ;20;mittel ;Sonne ;;-;
3;2;Sorbus „Dodong“ ;Japanische Eberesche;5;Zuchtform ;12;gering ;Sonne bis Halbschat-ten ;;-;
3;2;Sorbus „Dodong“ ;Eberesche;5;Zuchtform ;12;gering ;Sonne bis Halbschat-ten ;;-;
3;3;Sorbus alnifolia ;Erlenblaettrige Mehlbeere;– ;China, Korea, Japan ;;;;6;-;eiförmige bis runde, rundlich-hochgewölbte Krone 
3;3;Sorbus aria ;Echte Mehlbeere;5;heimisch ;10;gering ;Sonne bis Halbschat-ten ;5a;1.1;gleichmäßig aufgebaute kegelförmige Krone, im Alter breiter und lockerer, langsamwüchsig, Licht-raumprofil beachten 
3;2;Sorbus aria „Lutescens“ ;Grosslaubige-Mehlbeere;5;heimisch, Zucht-form ;15;gering ;Sonne bis Halbschat-ten ;5a;1.1;dicht kegelförmige Krone 
1;2;Sorbus aria „Magnifica“ ;Mehlbeere;5;heimisch, Zucht-form ;15;gering ;Sonne bis Halbschat-ten ;5a;1.1;wie die Art, jedoch kleiner und schmaler, mit regel-mäßig aufgebauter Krone, im Alter breiter 
3;3;Sorbus aria „Majestica“ syn. S. aria „decaisneana“ ;Grünfilzige Mehlbeere ;5;heimisch, Zucht-form ;;;Sonne bis Halbschat-ten ;5a;1.1;wie die Art, jedoch schmal kegelförmige Krone, im Alter schirmförmig, Früchte und Blätter größer 
3;2;Sorbus aucuparia ;Gemeine eberesche;5;heimisch ;12;stark ;Sonne bis Schatten ;3;3.1;"kegelförmige Krone, im Alter rundlich; Fruchtfall beachten, nicht stadtklimafest, Pioniergehölz "
3;2;Sorbus aucuparia „Edulis“ ;Gemeine eberesche-Vogelbeerbau;5;heimisch, Zucht-form ;15;stark ;Sonne bis Schatten ;4;3.1;wie die Art, jedoch gleichmäßige, geschlossene und schlanke Krone, größere, essbare Früchte, Fruchtfall beachten, nicht stadtklimafest 
3;3;Sorbus aucuparia „Fastigiata“ ;Nordamerikanische Rotesche;5;heimisch, Zucht-form ;9;mittel ;Sonne bis Halbschat-ten ;4;3.1;kegelförmige im Alter auseinanderfallende Krone 
3;3;Sorbus aucuparia „Fastigiata“ ;Gemeine Esche;5;heimisch, Zucht-form ;9;mittel ;Sonne bis Halbschat-ten ;4;3.1;kegelförmige im Alter auseinanderfallende Krone 
3;3;Sorbus badensis ;Gemeine Esche;5;Süddeutschland ;;;;;1.1;ist dem Sorbus franconica sehr ähnlich, kleiner Baum oder Strauch 
3;2;Sorbus domestica ;Speierling ;9;Süd- bis Mittel-europa ;;;Sonne bis Halbschat-ten ;6b;-;zunächst schmaler Wuchs, im Alter breiter als hoch, unangenehmer Duft, Rarität, Vogelnährgehölz 
2;3;Sorbus incana ;Nordische Silber-Mehl-beere ;0;Zuchtform ;9;mittel ;Sonne bis Halbschat-ten ;5;-;pyramidale, halboffene Krone, Vogelnährgehölz, wind- und schneebeständig 
1;2;Sorbus intermedia „Brouwers“ ;Schmalkronige Mehlbeere ;5;Zuchtform ;12;mittel ;Sonne bis Halbschat-ten ;5a;2.1;wie die Art, jedoch kompakte pyramidale Krone, ge-rader durchgehender Stamm, stadtklimafest, wind-fest, frosthart 
3;2;Sorbus intermedia syn. Sorbus suecica;Schwedische Mehlbeere;5;Nordeuropa;;;Sonne bis Halbschat-ten;5a;2.1.;kegelförmige Krone, im Alter rundlich, Lichtraumpro-fil beachten 
3;2;Sorbus latifolia „Henk Vink“;Breitblättrige Mehlbeere;5;Zuchtform;12;mittel;Sonne bis Halbschat-ten;5a;1.1;schmale, pyramidale, geschlossene Krone, stadtkli-mafest, windverträglich, im Straßenbaumtest 2 seit 2007/08
1;3;Sorbus thuringiaca „Fastigiata“;Thüringische Säulen-Mehlbeere;5;Zuchtform;10;mittel;Sonne;5b;1.1;"schmale, kegelförmige und kompakte Krone; stadt-klimafest, windverträglich, frosthart, trockenheitsver-träglich, langsam wachsend "
1;3;Sorbus thuringiaca „Fastigiata“;Thüringische Säulen-Mehl-beere;5;Zuchtform;10;mittel;Sonne;5b;1.1;"schmale, kegelförmige und kompakte Krone; stadt-klimafest, windverträglich, frosthart, trockenheitsver-träglich, langsam wachsend "
3;2;Sorbus thuringiaca „Leonhard Springer“;Thüringische Mehlbeere;5;Zuchtform;12;mittel;Sonne bis Halbschat-ten;5?;1.1;locker breit wachsende Krone
1a;2;Tilia cordata „Erecta“ syn. T. cordata „Böhlje“;Linde;5;heimisch, Zucht-form ;20;gering ;Sonne bis Halbschat-ten;4;2.1;wie die Art, jedoch mit kleiner und regelmäßiger Krone, kleine Blätter, als junger Baum langsam wachsend, geringere Honigtauabsonderung 
1a;2;Tilia cordata „Greenspire“;Stadtlinde;6;heimisch, Zucht-form;20;gering;Sonne bis Halbschat-ten;4;2.1;schmale, regelmäßige und dichte Krone, im Alter breiter, Äste aufsteigend, stadtklimafest, Honigtauab-sonderung 
1a;2;Tilia cordata „Roelvo“;Stadtlinde;5;heimisch, Zucht-form ;15;gering ;Sonne bis Halbschat-ten;4;2.1;wie die Art, jedoch breit kegelförmige bis rundliche Krone, langtriebiger und nicht so kompakt wach-send wie 'Rancho', geringere Honigtauabsonderung, Ergebnisse aus Straßenbaumtest 1 beachten
2a;2;Tilia cordata;Winterlinde;6;heimisch ;;;Sonne bis Halbschat-ten;4;2.1;sehr stark duftend, hervorragender Pollenspender, Habitus kann sehr variabel sein, daraus resultiert ein schwieriger Kronenaufbau, schwer aufzuasten, Honigtauabsonderung 
3;1;Tilia americana;Amerikanische Linde;5;mittlere-östliche USA, Ost-Kanada;30;gering;Sonne bis Halbschat-ten;5b;-;
1a;1;Tilia americana „Nova“ syn. T. flaccida „Nova“;Amerikanische Linde;5;Zuchtform ;30;gering ;Sonne bis Halbschat-ten;5b;-;
1a;2;Tilia cordata „Rancho“;Amerikanische Stadtlinde;5;heimisch, Zucht-form ;;;Sonne bis Halbschat-ten;4;2.1;"wie die Art, jedoch mit schmal eiförmiger, im Alter breit rundlicher, regelmäßiger Krone, langsam und kompakt wachsend; geringere Honigtauabsonde-rung, Ergebnisse aus Straßenbaumtest 1 beachten"
3;1;Tilia americana „Redmond“;Amerikanische Linde;5;Zuchtform;;;Sonne bis Halbschat-ten;5b;3.1;schmale kegelförmige Krone, anspruchsarm, Boden nicht zu trocken
A;2;Tilia mandshurica;Mandschuri-sche Linde;5;Asien ;;;Sonne bis Halbschat-ten;;1.1;Bienenweide, trockenheitstolerant
3;;Tilia mongolica;Mongolische Linde;–;Mongolei, China;;;Sonne bis Halbschat-ten;5b;-;kleinkronig, zunächst kompakt kegelförmig, später breiter ausladend, gerader Leittrieb, stark verzweigt, überhängende Zweige 
3;1;Tilia x europaea;Hollaendische Linde;6;heimisch;;;Sonne bis Halbschat-ten;4;3.1;breit pyramidenförmige Krone
1a;1;Tilia x europaea „Pallida“ Typ Lappen;Kaiserlinde;6;heimisch, Zucht-form;;;Sonne bis Halbschat-ten;4;3.1;regelmäßige kegelförmige Krone mit durchgehen-dem geraden Stamm
1a;1;Tilia x europaea „Pallida“ Typ Lappen;Kaiser Linde;6;heimisch, Zucht-form;;;Sonne bis Halbschat-ten;4;3.1;regelmäßige kegelförmige Krone mit durchgehen-dem geraden Stamm
1a;1;Tilia x europaea „Pallida“ syn. T. x intermedia „Pallida“ T. x vulgaris „Pallida“;Kaiser-Linde;6;heimisch, Zucht-form;;;Sonne bis Halbschat-ten;4;3.1;"wie die Art, jedoch gleichmäßig kegelförmige Krone, im Alter breit ausladend; Blätter haften im Herbst länger als bei der Art, verschiedene Selektionen im Handel; Honigtauabsonderung "
3;1;Ulmus glabra;Bergulme;5;heimisch;;;Sonne;5a;4.1;rundliche, breit ausladende und dichte Krone, an-spruchsvoll bezüglich Wasser- und Nährstoffversor-gung, anfällig für die Ulmenkrankheit 
3;3;Ulmus glabra „Camperdownii“;Laubenulme;5;heimisch, Zucht-form;;;Sonne bis Halbschat-ten;5a;4.1;hängende Form der Glabra
3;2;Ulmus glabra „Exoniensis“ syn. U. glabra „Fastigiata“ ;Säulenulme;5;heimisch, Zucht-form;;;Sonne bis Halbschat-ten;5a;4.1;säulenförmige Krone
1a;2;Tilia x euchlora syn.Tilia x europaea „Euchlora“;Krimlinde;6;Zuchtform ;;;Sonne;5b;2.1;stumpf kegelförmige Krone, gerader, durchgehender Stamm, stark hängende Äste, auf Lichtraumprofil achten, schnellwachsend, windfest, frosthart, Honig-tauabsonderung 
1a;2;Tilia x euchlora syn.Tilia x europaea „Euchlora“;Krim-Linde;6;Zuchtform ;;;Sonne;5b;2.1;stumpf kegelförmige Krone, gerader, durchgehender Stamm, stark hängende Äste, auf Lichtraumprofil achten, schnellwachsend, windfest, frosthart, Honig-tauabsonderung 
3;2;Ulmus hollandica „Columella“;Stadtulme;5;Zuchtform;18;gering;Sonne bis Halbschat-ten;5a;-;
3;2;Ulmus hollandica „Dodoens“;Stadtulme;5;Zuchtform ;15;gering ;Sonne bis Halbschat-ten;5a;-;
3;2;Ulmus hollandica „Lobel“;Schmalkronige Stadtulme;5;Zuchtform ;20;gering ;Sonne bis Halbschat-ten;5a;-;
2a;1;Tilia x flavescens „Glenleven“;Kegellinde;6;Zuchtform;25;gering;Sonne bis Halbschat-ten;5a;-;
3;2;Ulmus „Clusius“;Ulme;–;Zuchtform ;18;gering ;Sonne;4a;-;
3;1;Ulmus „New Horizon“;Ulme;–;Zuchtform ;25;gering ;volle Sonne;5?;-;
3;2;Ulmus „Rebona“;Ulme;–;Zuchtform ;20;gering ;Sonne bis Halbschat-ten;5?;-;
3;2;Ulmus „Regal“;Ulme;–;Zuchtform ;20;mittel ;Sonne bis Halbschat-ten;4;-;
3;2;Ulmus hollandica „Wredei“ syn. U. carpinifolia „Wredei“;Stadtulme;5;Zuchtform;15;gering;Sonne bis Halbschat-ten;5a;-;
2a;1;Tilia tomentosa;Silberlinde;4;Südosteuropa, Kleinasien;30;gering;Sonne;5a;-;
1a;1;Tilia tomentosa „Brabant“;Silberlinde;4;Zuchtform;30;gering;Sonne;5a;-;
2a;1;Tilia tomentosa „Szeleste“;Ungarische Silberlinde;4;Zuchtform ;25;gering ;Sonne bis Halbschat-ten;5a;-;
3;1;Zelkova serrata ;Zelkove;–;Japan ;25;gering ;Sonne bis ;6a;-;
3;1;Zelkova serrata ;Japanische ;–;Japan;25;gering;Sonne bis ;6a;-;
3;1;Tilia platyphyllos;Sommerlinde;6;heimisch;35;gering;Sonne bis Halbschat-ten;4;-;
A;1;Ulmus laevis;Flatter-Ulme;5;heimisch;;;Sonne bis Halbschat-ten;5a;-;"rundkronig, im Alter undeutlich schirmförmig; Äste schräg aufrecht, Zweige überhängend bis waage-recht"
A;1;Ulmus minor;Feld-Ulme;5;heimisch ;;;Sonne bis Halbschat-ten;5;-;hochgewölbte, dichte Krone und meist kurzem Stamm, oft strauchförmig. Verzweigung sympodial, robust gegen typische Ulmenverzweigungen
A;3;Ulmus minor „Wredei“;Gold-Ulme;5;heimisch, Zucht-form ;;;Sonne bis Halbschat-ten;–;-;sehr schlank, robust gegen typische Ulmenerkran-kungen
A;2;Ulmus pumila;Sibirische Ulme;–;Sibirien;20;gering;Sonne;3;-;gewölbte Krone, Zweige behaart oder kahl 
A;1;Tilia platyphyllos „Örebro“;Sommerlinde;6;heimisch, Zucht-form;30;gering;Sonne bis Halbschat-ten;4;3.2;Wuchsform ist schmal, pyramidenförmig, später ei-rund, ausladende Äste, verlangt tiefgründige Böden, empfindlich gegen Bodenverdichtung, nicht für das innerstädtische Klima geeignet
A;1;Tilia platyphyllos „Rubra“;Korallenrote Sommerlinde;6;heimisch, Zucht-form ;35;gering ;Sonne bis Halbschat-ten;4;3.2;wie die Art, jedoch regelmäßigere breit kegelförmige Krone, Triebspitzen auffallend orange- bis korallen-rot gefärbt im Winter, einjährige Triebe intensiv rot, Honigtauabsonderung 
