FID,saison,baumart,link,last_update,_geometry
stadtbaum.5747bea4-3b38-4b18-8e51-80adf4507d7f,2019/2020,Magnolie,https://www.duesseldorf.de/stadtgruen/baeume-in-der-stadt/stadtbaumkonzept.html,2022-08-09,POINT (345902 5678253)
stadtbaum.f008ca3c-82d6-4218-b60f-dce5419f037a,2019/2020,Hainbuche,https://www.duesseldorf.de/stadtgruen/baeume-in-der-stadt/stadtbaumkonzept.html,2022-08-09,POINT (344779 5678180)
stadtbaum.4ce92e06-a0dc-4cb0-a0c9-a8baa707277a,2019/2020,Zierapfel,https://www.duesseldorf.de/stadtgruen/baeume-in-der-stadt/stadtbaumkonzept.html,2022-08-09,POINT (345457 5678197)
stadtbaum.43e5741c-4a9d-4944-9a32-a624e059dc87,2019/2020,Zierapfel,https://www.duesseldorf.de/stadtgruen/baeume-in-der-stadt/stadtbaumkonzept.html,2022-08-09,POINT (345457 5678232)
stadtbaum.0b9841a3-e503-4432-a765-d419cd290b6d,2019/2020,Zierapfel,https://www.duesseldorf.de/stadtgruen/baeume-in-der-stadt/stadtbaumkonzept.html,2022-08-09,POINT (345457 5678257)
stadtbaum.6c170714-a691-4a24-823c-c5799b2d6f8d,2019/2020,Zierkirsche,https://www.duesseldorf.de/stadtgruen/baeume-in-der-stadt/stadtbaumkonzept.html,2022-08-09,POINT (345762 5678031)
stadtbaum.2bd97e1d-bebb-4bc5-aa5e-36e2b61b4f43,2019/2020,Zierkirsche,https://www.duesseldorf.de/stadtgruen/baeume-in-der-stadt/stadtbaumkonzept.html,2022-08-09,POINT (345785 5678042)
stadtbaum.9ff8c583-ec2f-4a2e-b5c8-b77d1da61bbf,2019/2020,Zierkirsche,https://www.duesseldorf.de/stadtgruen/baeume-in-der-stadt/stadtbaumkonzept.html,2022-08-09,POINT (345909 5678146)
stadtbaum.a920619b-78ee-4f30-8467-4113edbc2a61,2019/2020,Zierkirsche,https://www.duesseldorf.de/stadtgruen/baeume-in-der-stadt/stadtbaumkonzept.html,2022-08-09,POINT (345930 5678153)
stadtbaum.952eddd6-a355-492f-932d-86c5aeb163a3,2019/2020,Zierkirsche,https://www.duesseldorf.de/stadtgruen/baeume-in-der-stadt/stadtbaumkonzept.html,2022-08-09,POINT (345938 5678169)
stadtbaum.4f21686a-bac9-4efe-80ee-ff9cbb2a24bd,2019/2020,Zierkirsche,https://www.duesseldorf.de/stadtgruen/baeume-in-der-stadt/stadtbaumkonzept.html,2022-08-09,POINT (345258 5677878)
stadtbaum.9deccb8c-f9d3-4a3b-8baf-2a7492e5348a,2019/2020,Zierkirsche,https://www.duesseldorf.de/stadtgruen/baeume-in-der-stadt/stadtbaumkonzept.html,2022-08-09,POINT (345261 5677842)
stadtbaum.6fe8b36e-f5df-4d6f-b5db-97476a2c6b0f,2019/2020,Zierkirsche,https://www.duesseldorf.de/stadtgruen/baeume-in-der-stadt/stadtbaumkonzept.html,2022-08-09,POINT (345235 5677900)
stadtbaum.65a50075-a28a-46e5-bf14-ff6bd8ad6931,2019/2020,Zierapfel,https://www.duesseldorf.de/stadtgruen/baeume-in-der-stadt/stadtbaumkonzept.html,2022-08-09,POINT (345647 5679016)
stadtbaum.ee38900d-0927-44b5-8321-e2cf5858cfde,2019/2020,Zierapfel,https://www.duesseldorf.de/stadtgruen/baeume-in-der-stadt/stadtbaumkonzept.html,2022-08-09,POINT (345671 5679019)
stadtbaum.930a5d69-f338-4ba1-865a-f6c92660bf53,2019/2020,Zierapfel,https://www.duesseldorf.de/stadtgruen/baeume-in-der-stadt/stadtbaumkonzept.html,2022-08-09,POINT (345731 5679028)
stadtbaum.14a38778-4b17-4a12-99db-3e57d90e706a,2019/2020,Zierkirsche,https://www.duesseldorf.de/stadtgruen/baeume-in-der-stadt/stadtbaumkonzept.html,2022-08-09,POINT (345114 5680514)
stadtbaum.fcd6f2f3-535a-40da-9222-cdefe39be40c,2019/2020,Zierkirsche,https://www.duesseldorf.de/stadtgruen/baeume-in-der-stadt/stadtbaumkonzept.html,2022-08-09,POINT (345202 5680515)
stadtbaum.a595320b-5949-4e13-9543-3c9b070dedea,2019/2020,Zürgelbaum,https://www.duesseldorf.de/stadtgruen/baeume-in-der-stadt/stadtbaumkonzept.html,2022-08-09,POINT (348896 5677134)
stadtbaum.5a49af41-28bf-478d-a021-e3edb770fda5,2019/2020,Zürgelbaum,https://www.duesseldorf.de/stadtgruen/baeume-in-der-stadt/stadtbaumkonzept.html,2022-08-09,POINT (348868 5677151)
stadtbaum.db518a92-7c15-48b6-8262-7cd84d9834b5,2019/2020,Zürgelbaum,https://www.duesseldorf.de/stadtgruen/baeume-in-der-stadt/stadtbaumkonzept.html,2022-08-09,POINT (348837 5677160)
stadtbaum.45f0d5fc-8759-4497-90f6-d526bf34e4e4,2019/2020,Zürgelbaum,https://www.duesseldorf.de/stadtgruen/baeume-in-der-stadt/stadtbaumkonzept.html,2022-08-09,POINT (348815 5677169)
stadtbaum.ab7cdd13-c309-45e2-8ae2-6f61f11b36fc,2019/2020,Tupelobaum,https://www.duesseldorf.de/stadtgruen/baeume-in-der-stadt/stadtbaumkonzept.html,2022-08-09,POINT (348403 5677389)
stadtbaum.cb8fb74b-2b72-4efc-95e0-be03564acd6e,2019/2020,Tupelobaum,https://www.duesseldorf.de/stadtgruen/baeume-in-der-stadt/stadtbaumkonzept.html,2022-08-09,POINT (348403 5677389)
stadtbaum.16063e2b-3aab-4a21-9bd8-09f49e5e2f3b,2019/2020,Tupelobaum,https://www.duesseldorf.de/stadtgruen/baeume-in-der-stadt/stadtbaumkonzept.html,2022-08-09,POINT (348489 5677341)
stadtbaum.508b67f8-0fd2-4ae2-ac5d-ac761e6b6bc4,2019/2020,Feldahorn,https://www.duesseldorf.de/stadtgruen/baeume-in-der-stadt/stadtbaumkonzept.html,2022-08-09,POINT (346566 5675847)
stadtbaum.df390af8-23ed-4405-8048-ec09d8275b7b,2019/2020,Zierkirsche,https://www.duesseldorf.de/stadtgruen/baeume-in-der-stadt/stadtbaumkonzept.html,2022-08-09,POINT (346878 5675807)
stadtbaum.27f675ed-75a0-4d60-a249-33b9a15e54e4,2019/2020,,https://www.duesseldorf.de/stadtgruen/baeume-in-der-stadt/stadtbaumkonzept.html,2022-08-09,POINT (343623 5675406)
stadtbaum.8ec12f8e-112d-4bc5-b8de-bcc038df5039,2019/2020,Rotahorn,https://www.duesseldorf.de/stadtgruen/baeume-in-der-stadt/stadtbaumkonzept.html,2022-08-09,POINT (339260 5677562)
stadtbaum.e332d197-1162-4622-a5ea-b6802aa5dd48,2019/2020,Rotahorn,https://www.duesseldorf.de/stadtgruen/baeume-in-der-stadt/stadtbaumkonzept.html,2022-08-09,POINT (339235 5677562)
stadtbaum.932f222d-3413-4185-bc26-8282a922a9d1,2019/2020,Rotahorn,https://www.duesseldorf.de/stadtgruen/baeume-in-der-stadt/stadtbaumkonzept.html,2022-08-09,POINT (339201 5677567)
stadtbaum.943b26ac-8dae-4794-a0dc-6b40c5a86959,2019/2020,Rotahorn,https://www.duesseldorf.de/stadtgruen/baeume-in-der-stadt/stadtbaumkonzept.html,2022-08-09,POINT (339176 5677569)
stadtbaum.d14fac5f-52a9-4a09-8fa8-f1a36653777e,2019/2020,Rotahorn,https://www.duesseldorf.de/stadtgruen/baeume-in-der-stadt/stadtbaumkonzept.html,2022-08-09,POINT (339150 5677569)
stadtbaum.691fe863-5e94-4f4c-9d35-c61b14f1ff99,2019/2020,Rotahorn,https://www.duesseldorf.de/stadtgruen/baeume-in-der-stadt/stadtbaumkonzept.html,2022-08-09,POINT (339127 5677570)
stadtbaum.b93a46cc-cd7f-4ab2-9162-9a0eb8246c82,2019/2020,Zierkirsche,https://www.duesseldorf.de/stadtgruen/baeume-in-der-stadt/stadtbaumkonzept.html,2022-08-09,POINT (348249 5681688)
stadtbaum.116bc982-ceb9-4b1d-b356-4468ab5f2364,2019/2020,Zierkirsche,https://www.duesseldorf.de/stadtgruen/baeume-in-der-stadt/stadtbaumkonzept.html,2022-08-09,POINT (348267 5681705)
stadtbaum.6d0db431-dddb-47e1-9a05-80ba7a041809,2019/2020,Zierkirsche,https://www.duesseldorf.de/stadtgruen/baeume-in-der-stadt/stadtbaumkonzept.html,2022-08-09,POINT (348290 5681732)
stadtbaum.150bed51-65cf-4375-914d-c71e623a8ae1,2019/2020,Hainbuche,https://www.duesseldorf.de/stadtgruen/baeume-in-der-stadt/stadtbaumkonzept.html,2022-08-09,POINT (344876 5682696)
stadtbaum.09f7912a-04f6-462f-a8fb-17bde106647e,2019/2020,Hainbuche,https://www.duesseldorf.de/stadtgruen/baeume-in-der-stadt/stadtbaumkonzept.html,2022-08-09,POINT (344897 5682696)
stadtbaum.3fdef865-4d92-483b-8086-ed19cf0cd5d5,2019/2020,Zierapfel,https://www.duesseldorf.de/stadtgruen/baeume-in-der-stadt/stadtbaumkonzept.html,2022-08-09,POINT (345994 5682566)
stadtbaum.8d035762-69e8-4756-9edd-3fb2fea41df6,2019/2020,Zierapfel,https://www.duesseldorf.de/stadtgruen/baeume-in-der-stadt/stadtbaumkonzept.html,2022-08-09,POINT (346010 5682542)
stadtbaum.b56b6432-1853-4ede-bceb-2c5edd8ac63b,2019/2020,Zierapfel,https://www.duesseldorf.de/stadtgruen/baeume-in-der-stadt/stadtbaumkonzept.html,2022-08-09,POINT (346024 5682521)
stadtbaum.2fb39e8d-1a5f-4437-99dd-48eeec096e07,2019/2020,Zierapfel,https://www.duesseldorf.de/stadtgruen/baeume-in-der-stadt/stadtbaumkonzept.html,2022-08-09,POINT (346042 5682494)
stadtbaum.c8dd709e-90fd-4a39-adae-d5c8b99063e0,2019/2020,Zierapfel,https://www.duesseldorf.de/stadtgruen/baeume-in-der-stadt/stadtbaumkonzept.html,2022-08-09,POINT (346330 5682232)
stadtbaum.4c9a4732-be07-498f-b0fb-4c77bcaeff81,2019/2020,Zierapfel,https://www.duesseldorf.de/stadtgruen/baeume-in-der-stadt/stadtbaumkonzept.html,2022-08-09,POINT (346314 5682247)
stadtbaum.8cd9695c-a277-4995-a1a7-7add8c662ac7,2019/2020,Zierapfel,https://www.duesseldorf.de/stadtgruen/baeume-in-der-stadt/stadtbaumkonzept.html,2022-08-09,POINT (346295 5682264)
stadtbaum.0d882ea3-8f58-499b-b7d9-ee2b3413d883,2019/2020,Zierapfel,https://www.duesseldorf.de/stadtgruen/baeume-in-der-stadt/stadtbaumkonzept.html,2022-08-09,POINT (346255 5682312)
stadtbaum.e772c290-e46c-4bfb-9f8a-0b73b74a0409,2019/2020,Zierapfel,https://www.duesseldorf.de/stadtgruen/baeume-in-der-stadt/stadtbaumkonzept.html,2022-08-09,POINT (346224 5682354)
stadtbaum.f62fd552-7861-4481-8ae7-917e5070dabf,2019/2020,Winterlinde,https://www.duesseldorf.de/stadtgruen/baeume-in-der-stadt/stadtbaumkonzept.html,2022-08-09,POINT (347149 5681382)
stadtbaum.1ab9b119-0ac6-4264-ab5d-8004c3c5a979,2019/2020,Feldahorn,https://www.duesseldorf.de/stadtgruen/baeume-in-der-stadt/stadtbaumkonzept.html,2022-08-09,POINT (347170 5680878)
stadtbaum.fdc27f80-70a6-4ef9-9ef0-4a2583a5325f,2019/2020,Feldahorn,https://www.duesseldorf.de/stadtgruen/baeume-in-der-stadt/stadtbaumkonzept.html,2022-08-09,POINT (347209 5680906)
stadtbaum.a74cc42f-b5dd-499c-93dd-45ecb8803148,2019/2020,Rotahorn,https://www.duesseldorf.de/stadtgruen/baeume-in-der-stadt/stadtbaumkonzept.html,2022-08-09,POINT (347616 5680922)
stadtbaum.2e85f3aa-4a34-4875-b3a0-0afbde5bea41,2019/2020,Rotahorn,https://www.duesseldorf.de/stadtgruen/baeume-in-der-stadt/stadtbaumkonzept.html,2022-08-09,POINT (347634 5680903)
stadtbaum.827bfcb0-0b35-403d-8cf7-c4724596d39a,2019/2020,Rotahorn,https://www.duesseldorf.de/stadtgruen/baeume-in-der-stadt/stadtbaumkonzept.html,2022-08-09,POINT (347792 5680747)
stadtbaum.a3ba7306-8905-494d-af1d-cae26549c335,2019/2020,Rotahorn,https://www.duesseldorf.de/stadtgruen/baeume-in-der-stadt/stadtbaumkonzept.html,2022-08-09,POINT (347801 5680735)
stadtbaum.3b7f2058-ec6e-4607-96ec-8a2efc60ad72,2019/2020,Zürgelbaum,https://www.duesseldorf.de/stadtgruen/baeume-in-der-stadt/stadtbaumkonzept.html,2022-08-09,POINT (350111 5678212)
stadtbaum.3c9dc2cc-bfad-4fcd-8d0f-9b8ff46026a4,2019/2020,Zürgelbaum,https://www.duesseldorf.de/stadtgruen/baeume-in-der-stadt/stadtbaumkonzept.html,2022-08-09,POINT (350122 5678202)
stadtbaum.659ce99c-48b5-4648-ac0a-954bd00324d1,2019/2020,Zürgelbaum,https://www.duesseldorf.de/stadtgruen/baeume-in-der-stadt/stadtbaumkonzept.html,2022-08-09,POINT (350191 5678135)
stadtbaum.39838084-92ed-4ff9-8f62-39a824c5b5ed,2019/2020,Zürgelbaum,https://www.duesseldorf.de/stadtgruen/baeume-in-der-stadt/stadtbaumkonzept.html,2022-08-09,POINT (350182 5678143)
stadtbaum.76c3fac9-4f13-45d2-9ce2-be755150d710,2019/2020,Zürgelbaum,https://www.duesseldorf.de/stadtgruen/baeume-in-der-stadt/stadtbaumkonzept.html,2022-08-09,POINT (350164 5678161)
stadtbaum.b4bbde88-ff0e-4b7f-ba25-ff55760dba7a,2019/2020,Zürgelbaum,https://www.duesseldorf.de/stadtgruen/baeume-in-der-stadt/stadtbaumkonzept.html,2022-08-09,POINT (350149 5678175)
stadtbaum.0c371bc7-a8a9-4f92-ba5e-81c06334bd44,2019/2020,Zürgelbaum,https://www.duesseldorf.de/stadtgruen/baeume-in-der-stadt/stadtbaumkonzept.html,2022-08-09,POINT (350142 5678182)
stadtbaum.c75768d2-ed6b-4c62-b8fa-93046938319c,2019/2020,Zürgelbaum,https://www.duesseldorf.de/stadtgruen/baeume-in-der-stadt/stadtbaumkonzept.html,2022-08-09,POINT (350132 5678192)
stadtbaum.28d6c5e9-f535-4187-b66e-439b5d6ca1b2,2019/2020,Hainbuche,https://www.duesseldorf.de/stadtgruen/baeume-in-der-stadt/stadtbaumkonzept.html,2022-08-09,POINT (349111 5674501)
stadtbaum.bc0f52a5-8240-4f4b-9a1b-4a8d6e4d450a,2019/2020,Hainbuche,https://www.duesseldorf.de/stadtgruen/baeume-in-der-stadt/stadtbaumkonzept.html,2022-08-09,POINT (349207 5674533)
stadtbaum.e5f73bff-d4c0-442f-a3a2-13e27d260b78,2019/2020,Hainbuche,https://www.duesseldorf.de/stadtgruen/baeume-in-der-stadt/stadtbaumkonzept.html,2022-08-09,POINT (349227 5674545)
stadtbaum.f7f53d31-9325-417f-b27e-aa5e635c7218,2019/2020,Hainbuche,https://www.duesseldorf.de/stadtgruen/baeume-in-der-stadt/stadtbaumkonzept.html,2022-08-09,POINT (349329 5674574)
stadtbaum.adb0ceb1-0364-46bb-b5a7-eafd8708a8a9,2019/2020,Eisenholzbaum,https://www.duesseldorf.de/stadtgruen/baeume-in-der-stadt/stadtbaumkonzept.html,2022-08-09,POINT (348725 5673449)
stadtbaum.e6800714-fb15-435f-8c91-a95228555ebf,2019/2020,Zierkirsche,https://www.duesseldorf.de/stadtgruen/baeume-in-der-stadt/stadtbaumkonzept.html,2022-08-09,POINT (349236 5674430)
stadtbaum.e3c2279d-fdf9-4dea-b185-02ff59f695c2,2019/2020,Zierapfel,https://www.duesseldorf.de/stadtgruen/baeume-in-der-stadt/stadtbaumkonzept.html,2022-08-09,POINT (350525 5673199)
stadtbaum.8ddb3520-71f1-4321-9998-863917600764,2019/2020,Zierapfel,https://www.duesseldorf.de/stadtgruen/baeume-in-der-stadt/stadtbaumkonzept.html,2022-08-09,POINT (350545 5673219)
stadtbaum.c1aedff8-9a7d-4101-9656-ca4e235200e2,2019/2020,Zierapfel,https://www.duesseldorf.de/stadtgruen/baeume-in-der-stadt/stadtbaumkonzept.html,2022-08-09,POINT (350573 5673245)
stadtbaum.6cc350d2-57ca-418d-b658-10adc31a6571,2019/2020,Zierapfel,https://www.duesseldorf.de/stadtgruen/baeume-in-der-stadt/stadtbaumkonzept.html,2022-08-09,POINT (350592 5673263)
stadtbaum.9f85b663-515c-487e-b4a4-fc350ebaae73,2019/2020,Feldahorn,https://www.duesseldorf.de/stadtgruen/baeume-in-der-stadt/stadtbaumkonzept.html,2022-08-09,POINT (348474 5674872)
stadtbaum.56526337-bee4-410b-85fd-d4d4fd6397d0,2019/2020,Feldahorn,https://www.duesseldorf.de/stadtgruen/baeume-in-der-stadt/stadtbaumkonzept.html,2022-08-09,POINT (348471 5674776)
stadtbaum.6394fdb5-ef6f-48d3-bbf0-dd5209f62e66,2019/2020,Felsenbirne,https://www.duesseldorf.de/stadtgruen/baeume-in-der-stadt/stadtbaumkonzept.html,2022-08-09,POINT (348632 5675690)
stadtbaum.600290cf-c08a-43bb-ab6d-7d2810d2d604,2019/2020,Felsenbirne,https://www.duesseldorf.de/stadtgruen/baeume-in-der-stadt/stadtbaumkonzept.html,2022-08-09,POINT (348666 5675682)
stadtbaum.5884f71a-775f-422d-a6fc-cc4451075adb,2019/2020,Felsenbirne,https://www.duesseldorf.de/stadtgruen/baeume-in-der-stadt/stadtbaumkonzept.html,2022-08-09,POINT (348701 5675674)
stadtbaum.e641f561-6777-45d2-bb72-62aafd4f90a2,2019/2020,Felsenbirne,https://www.duesseldorf.de/stadtgruen/baeume-in-der-stadt/stadtbaumkonzept.html,2022-08-09,POINT (348733 5675668)
stadtbaum.f3fa333e-4398-4da1-bcda-244fb75f8b4b,2019/2020,Felsenbirne,https://www.duesseldorf.de/stadtgruen/baeume-in-der-stadt/stadtbaumkonzept.html,2022-08-09,POINT (348765 5675661)
stadtbaum.6c4cc6ea-7f70-4832-b780-78c4696deaff,2019/2020,Baumhasel,https://www.duesseldorf.de/stadtgruen/baeume-in-der-stadt/stadtbaumkonzept.html,2022-08-09,POINT (347372 5674885)
stadtbaum.e1416aa9-9b64-4ba7-98e5-d56329a66b59,2019/2020,Baumhasel,https://www.duesseldorf.de/stadtgruen/baeume-in-der-stadt/stadtbaumkonzept.html,2022-08-09,POINT (347430 5674837)
stadtbaum.467d2374-97e0-4929-b750-e21127b325c9,2019/2020,Zierkirsche,https://www.duesseldorf.de/stadtgruen/baeume-in-der-stadt/stadtbaumkonzept.html,2022-08-09,POINT (348483 5674605)
stadtbaum.51527108-bdf3-4720-a246-76f59844f5e6,2019/2020,Zierkirsche,https://www.duesseldorf.de/stadtgruen/baeume-in-der-stadt/stadtbaumkonzept.html,2022-08-09,POINT (348414 5674584)
stadtbaum.44451b29-6cb6-405a-9674-8df96ded8e9e,2019/2020,Ulme,https://www.duesseldorf.de/stadtgruen/baeume-in-der-stadt/stadtbaumkonzept.html,2022-08-09,POINT (348180 5671742)
stadtbaum.9680f067-f1f0-42ef-b5a1-f0cc3755fc5e,2019/2020,Ulme,https://www.duesseldorf.de/stadtgruen/baeume-in-der-stadt/stadtbaumkonzept.html,2022-08-09,POINT (348234 5671664)
stadtbaum.05cb0007-1c45-45e2-a60a-6f474c4551dd,2019/2020,Ulme,https://www.duesseldorf.de/stadtgruen/baeume-in-der-stadt/stadtbaumkonzept.html,2022-08-09,POINT (348244 5671637)
stadtbaum.f779d9fe-7bc3-4757-bc62-4a30c2483cdb,2019/2020,Zelkove,https://www.duesseldorf.de/stadtgruen/baeume-in-der-stadt/stadtbaumkonzept.html,2022-08-09,POINT (351090 5670922)
stadtbaum.d9975a5b-4ad6-4286-a31d-e9c64356bb2c,2019/2020,Schnurbaum,https://www.duesseldorf.de/stadtgruen/baeume-in-der-stadt/stadtbaumkonzept.html,2022-08-09,POINT (347506 5673296)
stadtbaum.c64293f0-7dee-400f-b3c9-26c3100df057,2019/2020,Schnurbaum,https://www.duesseldorf.de/stadtgruen/baeume-in-der-stadt/stadtbaumkonzept.html,2022-08-09,POINT (347546 5673370)
stadtbaum.0893d16c-271a-484b-beb8-2198a1e2f6a9,2019/2020,Schnurbaum,https://www.duesseldorf.de/stadtgruen/baeume-in-der-stadt/stadtbaumkonzept.html,2022-08-09,POINT (347668 5673256)
stadtbaum.b17f2d70-e34a-484c-b91b-bbba4c1c4c62,2019/2020,Hainbuche,https://www.duesseldorf.de/stadtgruen/baeume-in-der-stadt/stadtbaumkonzept.html,2022-08-09,POINT (347629 5672881)
stadtbaum.a977cb60-3ba3-48e0-b8d5-c48794d63b07,2019/2020,Hainbuche,https://www.duesseldorf.de/stadtgruen/baeume-in-der-stadt/stadtbaumkonzept.html,2022-08-09,POINT (347685 5672881)
stadtbaum.a69e43bc-58e0-4dd5-856f-bc4b17cfc609,2019/2020,Zierkirsche,https://www.duesseldorf.de/stadtgruen/baeume-in-der-stadt/stadtbaumkonzept.html,2022-08-09,POINT (347651 5672968)
stadtbaum.4bfac0b2-ee71-4031-bf03-582da6153e75,2019/2020,Zierkirsche,https://www.duesseldorf.de/stadtgruen/baeume-in-der-stadt/stadtbaumkonzept.html,2022-08-09,POINT (347708 5672967)
stadtbaum.65ef5aea-e890-4442-8716-d0292fc36927,2019/2020,Hainbuche,https://www.duesseldorf.de/stadtgruen/baeume-in-der-stadt/stadtbaumkonzept.html,2022-08-09,POINT (347647 5673211)
stadtbaum.b1f73f8b-8c89-4307-83ce-54e424effe5e,2019/2020,Hainbuche,https://www.duesseldorf.de/stadtgruen/baeume-in-der-stadt/stadtbaumkonzept.html,2022-08-09,POINT (347641 5673182)
stadtbaum.62826bdd-5635-4e72-b620-16070a57df25,2019/2020,Hainbuche,https://www.duesseldorf.de/stadtgruen/baeume-in-der-stadt/stadtbaumkonzept.html,2022-08-09,POINT (347637 5673153)
stadtbaum.92992d2c-237f-4900-80fd-c86391d4f9bf,2019/2020,Hainbuche,https://www.duesseldorf.de/stadtgruen/baeume-in-der-stadt/stadtbaumkonzept.html,2022-08-09,POINT (348043 5673150)
stadtbaum.71ebbae7-19d1-42fa-bf0a-fe51b8351ebe,2019/2020,Hainbuche,https://www.duesseldorf.de/stadtgruen/baeume-in-der-stadt/stadtbaumkonzept.html,2022-08-09,POINT (348076 5673131)
stadtbaum.473f2429-8326-4871-a0b6-97753788cfbc,2019/2020,Hainbuche,https://www.duesseldorf.de/stadtgruen/baeume-in-der-stadt/stadtbaumkonzept.html,2022-08-09,POINT (348281 5673082)
stadtbaum.dbe139b8-27a2-41a0-8a27-44198e7f16b0,2020/2021,Zierkirsche,https://www.duesseldorf.de/stadtgruen/baeume-in-der-stadt/stadtbaumkonzept.html,2022-08-09,POINT (345575 5676270)
stadtbaum.2d23187c-506d-4da2-b0b8-4547b66b5b2b,2020/2021,Ungarische Eiche,https://www.duesseldorf.de/stadtgruen/baeume-in-der-stadt/stadtbaumkonzept.html,2022-08-09,POINT (341975 5678538)
stadtbaum.e9e14985-7d07-47c5-9e15-61547fe725e0,2020/2021,Ungarische Eiche,https://www.duesseldorf.de/stadtgruen/baeume-in-der-stadt/stadtbaumkonzept.html,2022-08-09,POINT (341993 5678529)
stadtbaum.87ca006e-dace-43b8-93ac-d7e70d2104c7,2020/2021,Feldahorn,https://www.duesseldorf.de/stadtgruen/baeume-in-der-stadt/stadtbaumkonzept.html,2022-08-09,POINT (344163 5681645)
stadtbaum.ecfa5994-1efc-4d74-bba8-93f4b1e6c7ac,2020/2021,Zierkirsche,https://www.duesseldorf.de/stadtgruen/baeume-in-der-stadt/stadtbaumkonzept.html,2022-08-09,POINT (343781 5679912)
stadtbaum.0f5d0cd1-56b0-47bb-b710-3ae0bd89dfbc,2020/2021,Zierkirsche,https://www.duesseldorf.de/stadtgruen/baeume-in-der-stadt/stadtbaumkonzept.html,2022-08-09,POINT (343775 5679919)
stadtbaum.f2512c46-974c-4081-83ab-8cf951e82315,2020/2021,Zierkirsche,https://www.duesseldorf.de/stadtgruen/baeume-in-der-stadt/stadtbaumkonzept.html,2022-08-09,POINT (343769 5679923)
stadtbaum.5d6361b7-d38d-4533-9db2-90df72b3cb24,2020/2021,Zierkirsche,https://www.duesseldorf.de/stadtgruen/baeume-in-der-stadt/stadtbaumkonzept.html,2022-08-09,POINT (343761 5679929)
stadtbaum.420a2c62-d339-4852-827d-543023e954d6,2020/2021,Zierkirsche,https://www.duesseldorf.de/stadtgruen/baeume-in-der-stadt/stadtbaumkonzept.html,2022-08-09,POINT (343751 5679936)
stadtbaum.90fbf516-fcd6-4d12-93df-c86b57856c88,2020/2021,Zierkirsche,https://www.duesseldorf.de/stadtgruen/baeume-in-der-stadt/stadtbaumkonzept.html,2022-08-09,POINT (343746 5679941)
stadtbaum.f0f845b2-0120-4bf3-9b0c-03dbd4033a7b,2020/2021,Zierkirsche,https://www.duesseldorf.de/stadtgruen/baeume-in-der-stadt/stadtbaumkonzept.html,2022-08-09,POINT (343739 5679945)
stadtbaum.45954f91-8c46-4862-b3de-f795ff6d9e24,2020/2021,Zierkirsche,https://www.duesseldorf.de/stadtgruen/baeume-in-der-stadt/stadtbaumkonzept.html,2022-08-09,POINT (343733 5679951)
stadtbaum.6a42a1ec-a008-4a68-bd6d-138ad587d09d,2020/2021,Zierkirsche,https://www.duesseldorf.de/stadtgruen/baeume-in-der-stadt/stadtbaumkonzept.html,2022-08-09,POINT (343728 5679955)
stadtbaum.a92bc4d3-a63f-4656-8945-98cccb0836e0,2020/2021,Zierkirsche,https://www.duesseldorf.de/stadtgruen/baeume-in-der-stadt/stadtbaumkonzept.html,2022-08-09,POINT (343722 5679960)
stadtbaum.6efb30fb-1a26-42f2-a652-58db546cbbb2,2020/2021,Zierkirsche,https://www.duesseldorf.de/stadtgruen/baeume-in-der-stadt/stadtbaumkonzept.html,2022-08-09,POINT (343716 5679966)
stadtbaum.c9b5dd02-2777-4679-9c66-731f2b98925a,2020/2021,Zierkirsche,https://www.duesseldorf.de/stadtgruen/baeume-in-der-stadt/stadtbaumkonzept.html,2022-08-09,POINT (343706 5679973)
stadtbaum.5ee27e6a-e36e-4791-b0ea-bf70cd23669a,2020/2021,Zierkirsche,https://www.duesseldorf.de/stadtgruen/baeume-in-der-stadt/stadtbaumkonzept.html,2022-08-09,POINT (343697 5679981)
stadtbaum.17e4ef17-d558-4c35-9e8c-cd2ad0e6efca,2020/2021,Zierkirsche,https://www.duesseldorf.de/stadtgruen/baeume-in-der-stadt/stadtbaumkonzept.html,2022-08-09,POINT (343687 5679989)
stadtbaum.8ee1677b-ff4e-4d4c-90c8-3e2634b015cf,2020/2021,Zierkirsche,https://www.duesseldorf.de/stadtgruen/baeume-in-der-stadt/stadtbaumkonzept.html,2022-08-09,POINT (343679 5679995)
stadtbaum.431b7c13-9779-46aa-a940-130de11e0f5c,2020/2021,Zierkirsche,https://www.duesseldorf.de/stadtgruen/baeume-in-der-stadt/stadtbaumkonzept.html,2022-08-09,POINT (343670 5680002)
stadtbaum.53145b9a-d297-4913-a05d-9e855eac47d8,2020/2021,Zierkirsche,https://www.duesseldorf.de/stadtgruen/baeume-in-der-stadt/stadtbaumkonzept.html,2022-08-09,POINT (343662 5680009)
stadtbaum.c3813a73-fe69-45f0-b639-b1d62808a299,2020/2021,Zierkirsche,https://www.duesseldorf.de/stadtgruen/baeume-in-der-stadt/stadtbaumkonzept.html,2022-08-09,POINT (343655 5680017)
stadtbaum.3a824f78-e613-464f-a752-6a4f97d6e3ca,2020/2021,Zierkirsche,https://www.duesseldorf.de/stadtgruen/baeume-in-der-stadt/stadtbaumkonzept.html,2022-08-09,POINT (343644 5680024)
stadtbaum.51cda142-2449-40ef-b3a0-049f5ca87d5d,2020/2021,Zierkirsche,https://www.duesseldorf.de/stadtgruen/baeume-in-der-stadt/stadtbaumkonzept.html,2022-08-09,POINT (343634 5680033)
stadtbaum.9be28c73-776a-40b6-af1e-bdc9aad838bd,2020/2021,Zierkirsche,https://www.duesseldorf.de/stadtgruen/baeume-in-der-stadt/stadtbaumkonzept.html,2022-08-09,POINT (343625 5680041)
stadtbaum.92824580-794d-4152-a38e-eb10b578796b,2020/2021,Zierkirsche,https://www.duesseldorf.de/stadtgruen/baeume-in-der-stadt/stadtbaumkonzept.html,2022-08-09,POINT (343616 5680048)
stadtbaum.e1d03624-b7ef-4d8a-b7e0-0ac150f223cd,2020/2021,Zierkirsche,https://www.duesseldorf.de/stadtgruen/baeume-in-der-stadt/stadtbaumkonzept.html,2022-08-09,POINT (343608 5680056)
stadtbaum.0c4cccbc-037d-47e8-9f1b-5a1e7f4476ea,2020/2021,Zierkirsche,https://www.duesseldorf.de/stadtgruen/baeume-in-der-stadt/stadtbaumkonzept.html,2022-08-09,POINT (343600 5680062)
stadtbaum.061f1323-15df-4075-b73e-6b95887e2e4d,2020/2021,Zierkirsche,https://www.duesseldorf.de/stadtgruen/baeume-in-der-stadt/stadtbaumkonzept.html,2022-08-09,POINT (343593 5680068)
stadtbaum.c7d7da74-2e85-4d2f-a990-b61e2ece2bfc,2020/2021,Zierkirsche,https://www.duesseldorf.de/stadtgruen/baeume-in-der-stadt/stadtbaumkonzept.html,2022-08-09,POINT (343588 5680072)
stadtbaum.232b65bf-a2c8-49d3-844e-86d4c3058bfc,2020/2021,Zierkirsche,https://www.duesseldorf.de/stadtgruen/baeume-in-der-stadt/stadtbaumkonzept.html,2022-08-09,POINT (343581 5680078)
stadtbaum.e7aed0e1-9c7e-4d12-9e20-e58fb1e9a6b2,2020/2021,Zierkirsche,https://www.duesseldorf.de/stadtgruen/baeume-in-der-stadt/stadtbaumkonzept.html,2022-08-09,POINT (343576 5680083)
stadtbaum.fee61b94-231f-4183-9b84-398aecbd53b4,2020/2021,Zierkirsche,https://www.duesseldorf.de/stadtgruen/baeume-in-der-stadt/stadtbaumkonzept.html,2022-08-09,POINT (343569 5680088)
stadtbaum.c1449e75-3fd0-4044-9a4f-ef5de6387984,2020/2021,Zierkirsche,https://www.duesseldorf.de/stadtgruen/baeume-in-der-stadt/stadtbaumkonzept.html,2022-08-09,POINT (343562 5680094)
stadtbaum.62f43002-68d4-4f8e-9f34-90f22fbcabfc,2020/2021,Zierkirsche,https://www.duesseldorf.de/stadtgruen/baeume-in-der-stadt/stadtbaumkonzept.html,2022-08-09,POINT (343556 5680099)
stadtbaum.8912a4ce-3b87-4383-ad8b-e9a30ee2f947,2020/2021,Zierkirsche,https://www.duesseldorf.de/stadtgruen/baeume-in-der-stadt/stadtbaumkonzept.html,2022-08-09,POINT (343549 5680104)
stadtbaum.8aab1ee5-77c0-43b7-ac81-5483b0d2290b,2020/2021,Zierkirsche,https://www.duesseldorf.de/stadtgruen/baeume-in-der-stadt/stadtbaumkonzept.html,2022-08-09,POINT (346235 5682333)
stadtbaum.183497f3-8e87-4801-8105-56e28bb7a22f,2020/2021,Schnurbaum,https://www.duesseldorf.de/stadtgruen/baeume-in-der-stadt/stadtbaumkonzept.html,2022-08-09,POINT (347067 5681578)
stadtbaum.55b390e2-90f5-40aa-abfd-2e734eca2f3b,2020/2021,Schnurbaum,https://www.duesseldorf.de/stadtgruen/baeume-in-der-stadt/stadtbaumkonzept.html,2022-08-09,POINT (346984 5681582)
stadtbaum.3cc69082-116a-446a-9f63-279e3c381db3,2020/2021,Schnurbaum,https://www.duesseldorf.de/stadtgruen/baeume-in-der-stadt/stadtbaumkonzept.html,2022-08-09,POINT (347013 5681582)
stadtbaum.b5cb09e1-cf30-4807-acd7-00b56cd2179d,2020/2021,Schnurbaum,https://www.duesseldorf.de/stadtgruen/baeume-in-der-stadt/stadtbaumkonzept.html,2022-08-09,POINT (347040 5681580)
stadtbaum.c52c6cc5-21f1-4e63-9966-0b59b06f212a,2020/2021,Hainbuche,https://www.duesseldorf.de/stadtgruen/baeume-in-der-stadt/stadtbaumkonzept.html,2022-08-09,POINT (344813 5682114)
stadtbaum.e839bb8f-33f3-4938-b63b-a8c920122e21,2020/2021,Hainbuche,https://www.duesseldorf.de/stadtgruen/baeume-in-der-stadt/stadtbaumkonzept.html,2022-08-09,POINT (344837 5682110)
stadtbaum.56a93d33-a353-42f2-9b3e-064bc4286974,2020/2021,Hainbuche,https://www.duesseldorf.de/stadtgruen/baeume-in-der-stadt/stadtbaumkonzept.html,2022-08-09,POINT (344751 5682123)
stadtbaum.8a5b9939-7d34-421b-9720-37be60171de6,2020/2021,Hainbuche,https://www.duesseldorf.de/stadtgruen/baeume-in-der-stadt/stadtbaumkonzept.html,2022-08-09,POINT (345148 5682205)
stadtbaum.e3ace6a1-ad2d-41ea-b945-1ab522495023,2020/2021,Ulme,https://www.duesseldorf.de/stadtgruen/baeume-in-der-stadt/stadtbaumkonzept.html,2022-08-09,POINT (345353 5682622)
stadtbaum.56b38ff1-541a-48cb-a10a-217ee54f7f63,2020/2021,Ulme,https://www.duesseldorf.de/stadtgruen/baeume-in-der-stadt/stadtbaumkonzept.html,2022-08-09,POINT (345348 5682575)
stadtbaum.e484a037-f905-4890-9951-92b513743752,2020/2021,Ulme,https://www.duesseldorf.de/stadtgruen/baeume-in-der-stadt/stadtbaumkonzept.html,2022-08-09,POINT (345345 5682551)
stadtbaum.c387e4f5-eaa5-4dad-bac6-c1998f68c7be,2020/2021,Ulme,https://www.duesseldorf.de/stadtgruen/baeume-in-der-stadt/stadtbaumkonzept.html,2022-08-09,POINT (345338 5682492)
stadtbaum.d3c5d61d-b72e-4224-9eaa-5eb20285d577,2020/2021,Ulme,https://www.duesseldorf.de/stadtgruen/baeume-in-der-stadt/stadtbaumkonzept.html,2022-08-09,POINT (345335 5682465)
stadtbaum.225f4123-31c4-47f2-99de-8059233edafd,2020/2021,Hainbuche,https://www.duesseldorf.de/stadtgruen/baeume-in-der-stadt/stadtbaumkonzept.html,2022-08-09,POINT (346822 5678848)
stadtbaum.00691246-6b5d-444f-aca2-9c121dc655f8,2020/2021,Hainbuche,https://www.duesseldorf.de/stadtgruen/baeume-in-der-stadt/stadtbaumkonzept.html,2022-08-09,POINT (346832 5678835)
stadtbaum.3f7efd8e-b6ea-4bf3-8871-5d6cf2decc78,2020/2021,Hainbuche,https://www.duesseldorf.de/stadtgruen/baeume-in-der-stadt/stadtbaumkonzept.html,2022-08-09,POINT (346852 5678806)
stadtbaum.60efaf0d-ca9f-4c69-bf06-27146271b6b6,2020/2021,Hopfenbuche,https://www.duesseldorf.de/stadtgruen/baeume-in-der-stadt/stadtbaumkonzept.html,2022-08-09,POINT (345433 5678716)
stadtbaum.afb2e7a4-5304-4eb8-8a07-ce386c3c11f2,2020/2021,Hopfenbuche,https://www.duesseldorf.de/stadtgruen/baeume-in-der-stadt/stadtbaumkonzept.html,2022-08-09,POINT (345442 5678768)
stadtbaum.15e0e822-30d0-4e37-bc25-ea6d4d70e93d,2020/2021,Feldahorn,https://www.duesseldorf.de/stadtgruen/baeume-in-der-stadt/stadtbaumkonzept.html,2022-08-09,POINT (350995 5680731)
stadtbaum.f99af7b7-5175-4268-a040-ddc0336ee5b5,2020/2021,Feldahorn,https://www.duesseldorf.de/stadtgruen/baeume-in-der-stadt/stadtbaumkonzept.html,2022-08-09,POINT (351028 5680729)
stadtbaum.62bf6653-d0b7-4f6a-9a11-0b971e6f3b62,2020/2021,Sumpf-Eiche,https://www.duesseldorf.de/stadtgruen/baeume-in-der-stadt/stadtbaumkonzept.html,2022-08-09,POINT (348096 5678991)
stadtbaum.5581fd23-f81b-4682-9f6f-785bea34a2c8,2020/2021,Sumpf-Eiche,https://www.duesseldorf.de/stadtgruen/baeume-in-der-stadt/stadtbaumkonzept.html,2022-08-09,POINT (348131 5678986)
stadtbaum.def02348-362a-4419-a938-c8f306918bb4,2020/2021,Sumpf-Eiche,https://www.duesseldorf.de/stadtgruen/baeume-in-der-stadt/stadtbaumkonzept.html,2022-08-09,POINT (348266 5678978)
stadtbaum.41f6ef59-1998-4876-9aec-4cb185face7e,2020/2021,Zerr-Eiche,https://www.duesseldorf.de/stadtgruen/baeume-in-der-stadt/stadtbaumkonzept.html,2022-08-09,POINT (346442 5683640)
stadtbaum.298d27a1-aa89-4c98-ae78-1813ab4be7ce,2020/2021,Hainbuche,https://www.duesseldorf.de/stadtgruen/baeume-in-der-stadt/stadtbaumkonzept.html,2022-08-09,POINT (346024 5683285)
stadtbaum.b34b18f0-9b24-4299-b336-94c7f091398b,2020/2021,Zierkirsche,https://www.duesseldorf.de/stadtgruen/baeume-in-der-stadt/stadtbaumkonzept.html,2022-08-09,POINT (343898 5676016)
stadtbaum.74066203-b9a7-4b90-b02b-ab200f897587,2020/2021,Zierkirsche,https://www.duesseldorf.de/stadtgruen/baeume-in-der-stadt/stadtbaumkonzept.html,2022-08-09,POINT (343922 5676003)
stadtbaum.be6c391f-be62-4e16-a3d1-696e4e8340fa,2020/2021,Zierkirsche,https://www.duesseldorf.de/stadtgruen/baeume-in-der-stadt/stadtbaumkonzept.html,2022-08-09,POINT (343988 5675962)
stadtbaum.18318c00-b492-4247-911e-39e480ad8cf2,2020/2021,Zierkirsche,https://www.duesseldorf.de/stadtgruen/baeume-in-der-stadt/stadtbaumkonzept.html,2022-08-09,POINT (344010 5675947)
stadtbaum.a0e589e3-cc8d-4949-a210-70242a6e5ce9,2020/2021,Fächerblattbaum,https://www.duesseldorf.de/stadtgruen/baeume-in-der-stadt/stadtbaumkonzept.html,2022-08-09,POINT (343683 5675755)
stadtbaum.c816c040-99d8-4dfa-91be-750b1adbbdb1,2020/2021,Fächerblattbaum,https://www.duesseldorf.de/stadtgruen/baeume-in-der-stadt/stadtbaumkonzept.html,2022-08-09,POINT (343622 5675770)
stadtbaum.199f2fb0-e74e-4236-8e1f-b09ad042366f,2020/2021,Hopfenbuche,https://www.duesseldorf.de/stadtgruen/baeume-in-der-stadt/stadtbaumkonzept.html,2022-08-09,POINT (349065 5673324)
stadtbaum.87c7c5fd-7104-4abb-b76a-3d2552e42bbc,2020/2021,Hopfenbuche,https://www.duesseldorf.de/stadtgruen/baeume-in-der-stadt/stadtbaumkonzept.html,2022-08-09,POINT (349101 5673330)
stadtbaum.cf56fdc1-0096-4b8f-b793-2f74569a5f27,2020/2021,Hainbuche,https://www.duesseldorf.de/stadtgruen/baeume-in-der-stadt/stadtbaumkonzept.html,2022-08-09,POINT (349259 5674557)
stadtbaum.5e4b5cb0-5fd8-4b8d-905a-27bd8e5a6041,2020/2021,Eisenholzbaum,https://www.duesseldorf.de/stadtgruen/baeume-in-der-stadt/stadtbaumkonzept.html,2022-08-09,POINT (348863 5673881)
stadtbaum.fae5aed8-c9ab-49eb-9f4e-6606495dc20e,2020/2021,Eisenholzbaum,https://www.duesseldorf.de/stadtgruen/baeume-in-der-stadt/stadtbaumkonzept.html,2022-08-09,POINT (348787 5673576)
stadtbaum.f854a61c-e1b0-46f5-88ad-e363880b53f5,2020/2021,Eisenholzbaum,https://www.duesseldorf.de/stadtgruen/baeume-in-der-stadt/stadtbaumkonzept.html,2022-08-09,POINT (348885 5673910)
stadtbaum.c1f46d65-b6a0-4c60-b06b-515197eaed18,2020/2021,Zierkirsche,https://www.duesseldorf.de/stadtgruen/baeume-in-der-stadt/stadtbaumkonzept.html,2022-08-09,POINT (349261 5674455)
stadtbaum.0fd13936-97ef-4e21-a1eb-34a0054331d0,2020/2021,Rotahorn,https://www.duesseldorf.de/stadtgruen/baeume-in-der-stadt/stadtbaumkonzept.html,2022-08-09,POINT (350336 5673578)
stadtbaum.e7444619-8c71-49c5-bd71-9c36bdfdc042,2020/2021,Ungarische Eiche,https://www.duesseldorf.de/stadtgruen/baeume-in-der-stadt/stadtbaumkonzept.html,2022-08-09,POINT (348918 5673449)
stadtbaum.b9d1f93e-e976-4336-8738-babc8dbbedbb,2020/2021,Ungarische Eiche,https://www.duesseldorf.de/stadtgruen/baeume-in-der-stadt/stadtbaumkonzept.html,2022-08-09,POINT (348919 5673472)
stadtbaum.20ddc494-787c-41af-bfdb-fd9d8737c565,2020/2021,Ungarische Eiche,https://www.duesseldorf.de/stadtgruen/baeume-in-der-stadt/stadtbaumkonzept.html,2022-08-09,POINT (348923 5673504)
stadtbaum.021c7600-41bc-4874-b534-0653da84e406,2020/2021,Zierkirsche,https://www.duesseldorf.de/stadtgruen/baeume-in-der-stadt/stadtbaumkonzept.html,2022-08-09,POINT (350749 5673274)
stadtbaum.e01fd3c6-ca7b-4171-af80-6a3bc5ca66b6,2020/2021,Zierkirsche,https://www.duesseldorf.de/stadtgruen/baeume-in-der-stadt/stadtbaumkonzept.html,2022-08-09,POINT (350723 5673299)
stadtbaum.b1b07d6d-591e-42bc-8716-4cbbf7fc65d6,2020/2021,Feldahorn,https://www.duesseldorf.de/stadtgruen/baeume-in-der-stadt/stadtbaumkonzept.html,2022-08-09,POINT (348531 5674736)
stadtbaum.b2172723-08e3-48a1-83b7-c3ffaf01aa70,2020/2021,Zierapfel,https://www.duesseldorf.de/stadtgruen/baeume-in-der-stadt/stadtbaumkonzept.html,2022-08-09,POINT (346886 5672384)
stadtbaum.7009400c-4ec4-417a-90d9-a883f3ce5802,2020/2021,Zierapfel,https://www.duesseldorf.de/stadtgruen/baeume-in-der-stadt/stadtbaumkonzept.html,2022-08-09,POINT (346856 5672375)
stadtbaum.18e1971d-b209-4e18-ac29-8ce370a53277,2020/2021,Schnurbaum,https://www.duesseldorf.de/stadtgruen/baeume-in-der-stadt/stadtbaumkonzept.html,2022-08-09,POINT (347579 5673283)
stadtbaum.12343424-670a-4fc6-acc5-d0d85fc9803f,2020/2021,Schnurbaum,https://www.duesseldorf.de/stadtgruen/baeume-in-der-stadt/stadtbaumkonzept.html,2022-08-09,POINT (347616 5673261)
stadtbaum.0b57ef8f-fb61-46ee-a9a4-10c528d4e6d3,2020/2021,Schnurbaum,https://www.duesseldorf.de/stadtgruen/baeume-in-der-stadt/stadtbaumkonzept.html,2022-08-09,POINT (347478 5673305)
stadtbaum.3f554c1a-3b41-4f4a-baed-1c9d932e9400,2020/2021,Schnurbaum,https://www.duesseldorf.de/stadtgruen/baeume-in-der-stadt/stadtbaumkonzept.html,2022-08-09,POINT (347717 5673243)
stadtbaum.5490ed1a-63c5-401d-93df-22081fffe64c,2020/2021,Schnurbaum,https://www.duesseldorf.de/stadtgruen/baeume-in-der-stadt/stadtbaumkonzept.html,2022-08-09,POINT (347448 5673323)
stadtbaum.44a2058d-778d-44b8-9d77-bf23839cacb7,2020/2021,Schnurbaum,https://www.duesseldorf.de/stadtgruen/baeume-in-der-stadt/stadtbaumkonzept.html,2022-08-09,POINT (347748 5673236)
stadtbaum.f67f98a1-3a73-4e73-8cc2-a2d33423b2bb,2020/2021,Hainbuche,https://www.duesseldorf.de/stadtgruen/baeume-in-der-stadt/stadtbaumkonzept.html,2022-08-09,POINT (347620 5672881)
stadtbaum.3620523d-53a7-45d2-80a9-13881a7cc0b9,2020/2021,Zierkirsche,https://www.duesseldorf.de/stadtgruen/baeume-in-der-stadt/stadtbaumkonzept.html,2022-08-09,POINT (347777 5672962)
stadtbaum.86466717-a178-464b-8027-15d18ffef6ed,2020/2021,Zierkirsche,https://www.duesseldorf.de/stadtgruen/baeume-in-der-stadt/stadtbaumkonzept.html,2022-08-09,POINT (347776 5672972)
stadtbaum.57c5e14b-209e-4be6-ba24-35d52ab0f7dd,2020/2021,Hainbuche,https://www.duesseldorf.de/stadtgruen/baeume-in-der-stadt/stadtbaumkonzept.html,2022-08-09,POINT (347674 5673295)
stadtbaum.b6e74454-db90-49cf-b8be-11ac96a2621c,2020/2021,Hainbuche,https://www.duesseldorf.de/stadtgruen/baeume-in-der-stadt/stadtbaumkonzept.html,2022-08-09,POINT (347678 5673291)
stadtbaum.249a7ef0-ee19-4734-bd41-114366b2c16b,2020/2021,Hainbuche,https://www.duesseldorf.de/stadtgruen/baeume-in-der-stadt/stadtbaumkonzept.html,2022-08-09,POINT (347650 5673233)
stadtbaum.246dbdb8-2be1-4f7a-a88c-591aa2fffcd4,2020/2021,Hainbuche,https://www.duesseldorf.de/stadtgruen/baeume-in-der-stadt/stadtbaumkonzept.html,2022-08-09,POINT (347947 5673199)
stadtbaum.3f312d8c-c725-4abd-8749-867c8618efb2,2020/2021,Hainbuche,https://www.duesseldorf.de/stadtgruen/baeume-in-der-stadt/stadtbaumkonzept.html,2022-08-09,POINT (348189 5673126)
stadtbaum.86e3164d-bc39-4867-9c6d-ebfb1d0c6308,2020/2021,Hainbuche,https://www.duesseldorf.de/stadtgruen/baeume-in-der-stadt/stadtbaumkonzept.html,2022-08-09,POINT (347803 5673212)
stadtbaum.d900a44b-9065-4f1a-8411-8316faee82c2,2020/2021,Hainbuche,https://www.duesseldorf.de/stadtgruen/baeume-in-der-stadt/stadtbaumkonzept.html,2022-08-09,POINT (347834 5673204)
stadtbaum.38473033-6a0c-4443-9f2b-9b6b2c1c1bc1,2020/2021,Zelkove,https://www.duesseldorf.de/stadtgruen/baeume-in-der-stadt/stadtbaumkonzept.html,2022-08-09,POINT (351074 5670975)
stadtbaum.b4645432-70f5-4a0b-b963-12154092838f,2020/2021,Zelkove,https://www.duesseldorf.de/stadtgruen/baeume-in-der-stadt/stadtbaumkonzept.html,2022-08-09,POINT (351055 5670986)
stadtbaum.eebf343d-0a28-42f0-b139-8e00e4a37cc5,2020/2021,Schnurbaum,https://www.duesseldorf.de/stadtgruen/baeume-in-der-stadt/stadtbaumkonzept.html,2022-08-09,POINT (351070 5671810)
stadtbaum.18ef029d-2d13-48b5-b470-8e39f6c289fa,2020/2021,Schnurbaum,https://www.duesseldorf.de/stadtgruen/baeume-in-der-stadt/stadtbaumkonzept.html,2022-08-09,POINT (351144 5671702)
stadtbaum.dd8d8d14-a181-4921-a790-422ae10dd182,2020/2021,Ungarische Eiche,https://www.duesseldorf.de/stadtgruen/baeume-in-der-stadt/stadtbaumkonzept.html,2022-08-09,POINT (350732 5671896)
stadtbaum.b9668e23-ecfa-4afd-a119-89cf1918daab,2020/2021,Ungarische Eiche,https://www.duesseldorf.de/stadtgruen/baeume-in-der-stadt/stadtbaumkonzept.html,2022-08-09,POINT (350707 5671856)
stadtbaum.b37af3bf-065d-4759-a85d-e9b26fbc33f3,2021/2022,Nordamerikanische Rotesche,https://www.duesseldorf.de/stadtgruen/baeume-in-der-stadt/stadtbaumkonzept.html,2022-08-09,POINT (344814 5676795)
stadtbaum.269be25b-ac26-4856-9642-8374d1280de4,2021/2022,Nordamerikanische Rotesche,https://www.duesseldorf.de/stadtgruen/baeume-in-der-stadt/stadtbaumkonzept.html,2022-08-09,POINT (344822 5676794)
stadtbaum.2fe53e0f-b397-4427-9586-8c5042c9b423,2021/2022,Nordamerikanische Rotesche,https://www.duesseldorf.de/stadtgruen/baeume-in-der-stadt/stadtbaumkonzept.html,2022-08-09,POINT (344777 5676803)
stadtbaum.ecab0352-8129-4ed5-b717-6bf29b09c26c,2021/2022,Nordamerikanische Rotesche,https://www.duesseldorf.de/stadtgruen/baeume-in-der-stadt/stadtbaumkonzept.html,2022-08-09,POINT (344704 5676816)
stadtbaum.c9969b13-e9a7-4fe7-a36c-0c58d79fce06,2021/2022,Nordamerikanische Rotesche,https://www.duesseldorf.de/stadtgruen/baeume-in-der-stadt/stadtbaumkonzept.html,2022-08-09,POINT (344841 5676800)
stadtbaum.a1be2b96-4ab6-40c1-9b76-fa4e2c386202,2021/2022,Fächerblattbaum,https://www.duesseldorf.de/stadtgruen/baeume-in-der-stadt/stadtbaumkonzept.html,2022-08-09,POINT (345949 5677463)
stadtbaum.1383a798-14fc-45fb-a92b-d39d185574aa,2021/2022,Zierkirsche,https://www.duesseldorf.de/stadtgruen/baeume-in-der-stadt/stadtbaumkonzept.html,2022-08-09,POINT (345640 5678891)
stadtbaum.46106c2e-f5ce-4598-b266-90cd63bea6d4,2021/2022,Spitzahorn,https://www.duesseldorf.de/stadtgruen/baeume-in-der-stadt/stadtbaumkonzept.html,2022-08-09,POINT (345292 5679479)
stadtbaum.bf3699e7-0259-46fa-a2d7-0530650d3e63,2021/2022,Spitzahorn,https://www.duesseldorf.de/stadtgruen/baeume-in-der-stadt/stadtbaumkonzept.html,2022-08-09,POINT (345292 5679538)
stadtbaum.5a9c7364-55d2-496f-9b99-3f49cc652cc0,2021/2022,Ulme,https://www.duesseldorf.de/stadtgruen/baeume-in-der-stadt/stadtbaumkonzept.html,2022-08-09,POINT (345929 5679929)
stadtbaum.23a2cbe9-5410-4e64-958c-d163069c958a,2021/2022,Ulme,https://www.duesseldorf.de/stadtgruen/baeume-in-der-stadt/stadtbaumkonzept.html,2022-08-09,POINT (345931 5679918)
stadtbaum.d20422d4-d1a5-451b-8b38-ced4be73eedf,2021/2022,Ulme,https://www.duesseldorf.de/stadtgruen/baeume-in-der-stadt/stadtbaumkonzept.html,2022-08-09,POINT (345932 5679907)
stadtbaum.1392f74d-38aa-417e-88de-ddf315349501,2021/2022,Ulme,https://www.duesseldorf.de/stadtgruen/baeume-in-der-stadt/stadtbaumkonzept.html,2022-08-09,POINT (345932 5679896)
stadtbaum.a30130d0-7ad6-47a2-a099-7d1894982eef,2021/2022,Ulme,https://www.duesseldorf.de/stadtgruen/baeume-in-der-stadt/stadtbaumkonzept.html,2022-08-09,POINT (345934 5679881)
stadtbaum.e7c2a083-b2c6-403b-a9da-534641ffebbc,2021/2022,Ulme,https://www.duesseldorf.de/stadtgruen/baeume-in-der-stadt/stadtbaumkonzept.html,2022-08-09,POINT (345936 5679867)
stadtbaum.d7eb78a9-978e-45fc-bd5d-97c400bb324c,2021/2022,Ulme,https://www.duesseldorf.de/stadtgruen/baeume-in-der-stadt/stadtbaumkonzept.html,2022-08-09,POINT (345937 5679851)
stadtbaum.87f3b446-ffd3-4286-96fc-ef13d0349df4,2021/2022,Ulme,https://www.duesseldorf.de/stadtgruen/baeume-in-der-stadt/stadtbaumkonzept.html,2022-08-09,POINT (345939 5679838)
stadtbaum.8cc423ff-0017-484b-a1a5-f9abe022bbbf,2021/2022,Ulme,https://www.duesseldorf.de/stadtgruen/baeume-in-der-stadt/stadtbaumkonzept.html,2022-08-09,POINT (345939 5679823)
stadtbaum.d3054253-7933-44f1-a68c-12429860b954,2021/2022,Hopfenbuche,https://www.duesseldorf.de/stadtgruen/baeume-in-der-stadt/stadtbaumkonzept.html,2022-08-09,POINT (345856 5679930)
stadtbaum.79edb3ad-e702-4d4d-a117-0dcec203c8ef,2021/2022,Hopfenbuche,https://www.duesseldorf.de/stadtgruen/baeume-in-der-stadt/stadtbaumkonzept.html,2022-08-09,POINT (345865 5679933)
stadtbaum.34fac558-ad21-4ef8-970f-f45457505d21,2021/2022,Hopfenbuche,https://www.duesseldorf.de/stadtgruen/baeume-in-der-stadt/stadtbaumkonzept.html,2022-08-09,POINT (345875 5679937)
stadtbaum.498ad047-2c81-4846-9dc1-1d22e06a966b,2021/2022,Hopfenbuche,https://www.duesseldorf.de/stadtgruen/baeume-in-der-stadt/stadtbaumkonzept.html,2022-08-09,POINT (345899 5679942)
stadtbaum.219807b6-6a78-4d7a-9c9d-4eb5c95324de,2021/2022,Hopfenbuche,https://www.duesseldorf.de/stadtgruen/baeume-in-der-stadt/stadtbaumkonzept.html,2022-08-09,POINT (345859 5679921)
stadtbaum.811ad5a1-a418-46b3-81e3-f115853477f2,2021/2022,Hopfenbuche,https://www.duesseldorf.de/stadtgruen/baeume-in-der-stadt/stadtbaumkonzept.html,2022-08-09,POINT (345868 5679923)
stadtbaum.91c5d396-fa3a-4ef9-9685-cc27111c95d6,2021/2022,Hopfenbuche,https://www.duesseldorf.de/stadtgruen/baeume-in-der-stadt/stadtbaumkonzept.html,2022-08-09,POINT (345879 5679925)
stadtbaum.2b45f3bd-faf1-4806-a026-e4dd0c4f053a,2021/2022,Hopfenbuche,https://www.duesseldorf.de/stadtgruen/baeume-in-der-stadt/stadtbaumkonzept.html,2022-08-09,POINT (345903 5679934)
stadtbaum.c8150049-138f-46ba-bd0f-a7b225f21886,2021/2022,Ahornblättrige Platane,https://www.duesseldorf.de/stadtgruen/baeume-in-der-stadt/stadtbaumkonzept.html,2022-08-09,POINT (344844 5678407)
stadtbaum.b3e50c50-ca26-47c6-bab2-50e7f6c46d0d,2021/2022,Gemeine Esche,https://www.duesseldorf.de/stadtgruen/baeume-in-der-stadt/stadtbaumkonzept.html,2022-08-09,POINT (345649 5678381)
stadtbaum.f63ae550-5064-43c1-b81d-4aa434b57e60,2021/2022,Gemeine Esche,https://www.duesseldorf.de/stadtgruen/baeume-in-der-stadt/stadtbaumkonzept.html,2022-08-09,POINT (345943 5678385)
stadtbaum.b7441128-7e82-4760-91ab-749f12241e38,2021/2022,Ahornblättrige Platane,https://www.duesseldorf.de/stadtgruen/baeume-in-der-stadt/stadtbaumkonzept.html,2022-08-09,POINT (344422 5679347)
stadtbaum.473adcde-c475-42a4-95e1-1ab5c65d28dd,2021/2022,Hainbuche,https://www.duesseldorf.de/stadtgruen/baeume-in-der-stadt/stadtbaumkonzept.html,2022-08-09,POINT (344896 5679271)
stadtbaum.8c09f8b5-1232-4458-8123-db5b1303cd61,2021/2022,Schmale Pyramideneiche,https://www.duesseldorf.de/stadtgruen/baeume-in-der-stadt/stadtbaumkonzept.html,2022-08-09,POINT (345237 5678999)
stadtbaum.e6e42324-c2a9-442d-8e3f-d4413f6d77f4,2021/2022,Schmale Pyramideneiche,https://www.duesseldorf.de/stadtgruen/baeume-in-der-stadt/stadtbaumkonzept.html,2022-08-09,POINT (345250 5679018)
stadtbaum.154cbec7-bce0-4ff5-8f9c-b98ba541aaa2,2021/2022,Schwarzkiefer,https://www.duesseldorf.de/stadtgruen/baeume-in-der-stadt/stadtbaumkonzept.html,2022-08-09,POINT (345684 5678143)
stadtbaum.0d79540c-d83d-49ef-bc71-9c42d18c82ab,2021/2022,Zierkirsche,https://www.duesseldorf.de/stadtgruen/baeume-in-der-stadt/stadtbaumkonzept.html,2022-08-09,POINT (345699 5678150)
stadtbaum.d40e12be-9d95-4832-9339-a72e72ade383,2021/2022,Zierkirsche,https://www.duesseldorf.de/stadtgruen/baeume-in-der-stadt/stadtbaumkonzept.html,2022-08-09,POINT (345696 5678153)
stadtbaum.4f924cec-6e9a-44f7-a51e-d6d68dcd873e,2021/2022,Zierkirsche,https://www.duesseldorf.de/stadtgruen/baeume-in-der-stadt/stadtbaumkonzept.html,2022-08-09,POINT (345699 5678159)
stadtbaum.909372b9-0411-4b04-823c-f1da74c0bd25,2021/2022,Spitzahorn,https://www.duesseldorf.de/stadtgruen/baeume-in-der-stadt/stadtbaumkonzept.html,2022-08-09,POINT (345858 5679902)
stadtbaum.6e05cda6-4a4c-4687-9a98-dbbebd3741b5,2021/2022,Spitzahorn,https://www.duesseldorf.de/stadtgruen/baeume-in-der-stadt/stadtbaumkonzept.html,2022-08-09,POINT (345864 5679883)
stadtbaum.0ced28aa-aa9d-4790-bea4-3ddd8ccddc32,2021/2022,Spitzahorn,https://www.duesseldorf.de/stadtgruen/baeume-in-der-stadt/stadtbaumkonzept.html,2022-08-09,POINT (345876 5679851)
stadtbaum.2a0793e8-d042-4c5e-a500-c573cad6ec76,2021/2022,Spitzahorn,https://www.duesseldorf.de/stadtgruen/baeume-in-der-stadt/stadtbaumkonzept.html,2022-08-09,POINT (345880 5679840)
stadtbaum.276f3139-7014-470e-a721-73abf43d3496,2021/2022,Spitzahorn,https://www.duesseldorf.de/stadtgruen/baeume-in-der-stadt/stadtbaumkonzept.html,2022-08-09,POINT (345889 5679811)
stadtbaum.0b3384cf-5fb6-4eb2-a343-8c8d010c3b5b,2021/2022,Kaiserlinde,https://www.duesseldorf.de/stadtgruen/baeume-in-der-stadt/stadtbaumkonzept.html,2022-08-09,POINT (345103 5679315)
stadtbaum.971a87d6-6fac-45c0-b720-70d59b723a29,2021/2022,Morgenländische Platane,https://www.duesseldorf.de/stadtgruen/baeume-in-der-stadt/stadtbaumkonzept.html,2022-08-09,POINT (345933 5677945)
stadtbaum.80c018e5-2328-42d2-9789-c180a5439d2c,2021/2022,Morgenländische Platane,https://www.duesseldorf.de/stadtgruen/baeume-in-der-stadt/stadtbaumkonzept.html,2022-08-09,POINT (345936 5677962)
stadtbaum.efd5039a-dc74-443a-80b9-a2c0437072c3,2021/2022,Morgenländische Platane,https://www.duesseldorf.de/stadtgruen/baeume-in-der-stadt/stadtbaumkonzept.html,2022-08-09,POINT (345951 5678011)
stadtbaum.9a706101-33d3-4fa0-b962-d7078060ae49,2021/2022,Morgenländische Platane,https://www.duesseldorf.de/stadtgruen/baeume-in-der-stadt/stadtbaumkonzept.html,2022-08-09,POINT (345953 5678020)
stadtbaum.ed97b06f-99ad-4020-94a9-14ab9a439b6b,2021/2022,Spitzahorn,https://www.duesseldorf.de/stadtgruen/baeume-in-der-stadt/stadtbaumkonzept.html,2022-08-09,POINT (344851 5678994)
stadtbaum.c750f8a1-bff5-451b-9df5-bf6a7c263bc5,2021/2022,Schnurbaum,https://www.duesseldorf.de/stadtgruen/baeume-in-der-stadt/stadtbaumkonzept.html,2022-08-09,POINT (345126 5679185)
stadtbaum.c1b0b692-4f5f-4b21-ac20-b2e3b228718f,2021/2022,Thüringische Säulen-Mehlbeere,https://www.duesseldorf.de/stadtgruen/baeume-in-der-stadt/stadtbaumkonzept.html,2022-08-09,POINT (345952 5677667)
stadtbaum.f8aec86a-ab7a-435c-827d-30c26ddd9986,2021/2022,Thüringische Säulen-Mehlbeere,https://www.duesseldorf.de/stadtgruen/baeume-in-der-stadt/stadtbaumkonzept.html,2022-08-09,POINT (345969 5677692)
stadtbaum.4d19c4b4-e995-4a88-a5c1-30018de98660,2021/2022,Thüringische Säulen-Mehlbeere,https://www.duesseldorf.de/stadtgruen/baeume-in-der-stadt/stadtbaumkonzept.html,2022-08-09,POINT (345976 5677709)
stadtbaum.731a508c-4907-48bc-94ad-f3b69da14f95,2021/2022,Thüringische Säulen-Mehlbeere,https://www.duesseldorf.de/stadtgruen/baeume-in-der-stadt/stadtbaumkonzept.html,2022-08-09,POINT (345980 5677720)
stadtbaum.3feac816-05cc-4cda-acf1-2e874ba424ba,2021/2022,Thüringische Säulen-Mehlbeere,https://www.duesseldorf.de/stadtgruen/baeume-in-der-stadt/stadtbaumkonzept.html,2022-08-09,POINT (345970 5677733)
stadtbaum.4e5dbc9f-4a94-4e17-8c86-9f9153db8c87,2021/2022,Zierkirsche,https://www.duesseldorf.de/stadtgruen/baeume-in-der-stadt/stadtbaumkonzept.html,2022-08-09,POINT (344728 5679077)
stadtbaum.0ec1c5c0-5fb7-4330-ba4d-cc7d6e7d2111,2021/2022,Zerr-Eiche,https://www.duesseldorf.de/stadtgruen/baeume-in-der-stadt/stadtbaumkonzept.html,2022-08-09,POINT (344794 5680256)
stadtbaum.e1e3278e-ac98-4cc6-b693-d56cbac8b72c,2021/2022,Krimlinde,https://www.duesseldorf.de/stadtgruen/baeume-in-der-stadt/stadtbaumkonzept.html,2022-08-09,POINT (346935 5679450)
stadtbaum.dd220f1c-cb12-419b-9a2f-556afb084271,2021/2022,Krimlinde,https://www.duesseldorf.de/stadtgruen/baeume-in-der-stadt/stadtbaumkonzept.html,2022-08-09,POINT (346654 5679440)
stadtbaum.db8cb4b3-26d4-49ad-8609-10a09b44919c,2021/2022,Spitzahorn,https://www.duesseldorf.de/stadtgruen/baeume-in-der-stadt/stadtbaumkonzept.html,2022-08-09,POINT (347236 5677851)
stadtbaum.f642ed2c-38c0-491e-a5bf-6347fbfc83a2,2021/2022,Spitzahorn,https://www.duesseldorf.de/stadtgruen/baeume-in-der-stadt/stadtbaumkonzept.html,2022-08-09,POINT (347850 5677550)
stadtbaum.a9c28e3f-3f5c-40fc-b892-59e9b09cecfa,2021/2022,Spitzahorn,https://www.duesseldorf.de/stadtgruen/baeume-in-der-stadt/stadtbaumkonzept.html,2022-08-09,POINT (347637 5677536)
stadtbaum.c6bd09f0-7ae2-4d75-ac3e-0b360eeb648a,2021/2022,Kaiserlinde,https://www.duesseldorf.de/stadtgruen/baeume-in-der-stadt/stadtbaumkonzept.html,2022-08-09,POINT (346748 5677808)
stadtbaum.f9336092-1ba9-4afb-bcbd-ba14b604660c,2021/2022,Kaiserlinde,https://www.duesseldorf.de/stadtgruen/baeume-in-der-stadt/stadtbaumkonzept.html,2022-08-09,POINT (347207 5678028)
stadtbaum.9ba82c28-c1b5-4017-acdb-cec112c92e01,2021/2022,Kaiserlinde,https://www.duesseldorf.de/stadtgruen/baeume-in-der-stadt/stadtbaumkonzept.html,2022-08-09,POINT (347270 5678713)
stadtbaum.62240744-2f36-42fc-818d-0a8a63f6a9cc,2021/2022,Purpur-Erle,https://www.duesseldorf.de/stadtgruen/baeume-in-der-stadt/stadtbaumkonzept.html,2022-08-09,POINT (348052 5677631)
stadtbaum.10fc7028-2c18-4262-96f5-9eeef58f1a14,2021/2022,Purpur-Erle,https://www.duesseldorf.de/stadtgruen/baeume-in-der-stadt/stadtbaumkonzept.html,2022-08-09,POINT (348059 5677626)
stadtbaum.97c8665d-06b8-4232-8ff8-6f10f066c7dd,2021/2022,Purpur-Erle,https://www.duesseldorf.de/stadtgruen/baeume-in-der-stadt/stadtbaumkonzept.html,2022-08-09,POINT (348054 5677635)
stadtbaum.fb13a7be-278b-4c4f-9aaf-af57c0e150d4,2021/2022,Purpur-Erle,https://www.duesseldorf.de/stadtgruen/baeume-in-der-stadt/stadtbaumkonzept.html,2022-08-09,POINT (348062 5677630)
stadtbaum.644630f9-34a3-4334-99b7-c838a6c98e95,2021/2022,Hainbuche,https://www.duesseldorf.de/stadtgruen/baeume-in-der-stadt/stadtbaumkonzept.html,2022-08-09,POINT (347311 5677732)
stadtbaum.54f8ef94-6735-4345-9da3-0a39a7eec0ae,2021/2022,Hainbuche,https://www.duesseldorf.de/stadtgruen/baeume-in-der-stadt/stadtbaumkonzept.html,2022-08-09,POINT (347334 5677655)
stadtbaum.3521c736-7fb2-4b9f-b731-18f96c1d0326,2021/2022,Hainbuche,https://www.duesseldorf.de/stadtgruen/baeume-in-der-stadt/stadtbaumkonzept.html,2022-08-09,POINT (347372 5677603)
stadtbaum.7b875550-f1fc-40a6-9e59-91e3f11f264d,2021/2022,Kaiserlinde,https://www.duesseldorf.de/stadtgruen/baeume-in-der-stadt/stadtbaumkonzept.html,2022-08-09,POINT (347030 5677588)
stadtbaum.93624261-74ca-4939-8b9f-ccaee7ea7a3e,2021/2022,Einblättrige Robinie,https://www.duesseldorf.de/stadtgruen/baeume-in-der-stadt/stadtbaumkonzept.html,2022-08-09,POINT (348165 5678139)
stadtbaum.4e86011a-9494-4ddd-bdcb-a2a7086e1489,2021/2022,Einblättrige Robinie,https://www.duesseldorf.de/stadtgruen/baeume-in-der-stadt/stadtbaumkonzept.html,2022-08-09,POINT (348070 5678129)
stadtbaum.4d054c3e-7143-4ded-9a76-dcbc213ae78d,2021/2022,Magnolie,https://www.duesseldorf.de/stadtgruen/baeume-in-der-stadt/stadtbaumkonzept.html,2022-08-09,POINT (347279 5678469)
stadtbaum.92d61e63-a1fe-45b4-8a94-a2d566500a90,2021/2022,Magnolie,https://www.duesseldorf.de/stadtgruen/baeume-in-der-stadt/stadtbaumkonzept.html,2022-08-09,POINT (347221 5678446)
stadtbaum.df63976e-ae35-4439-848a-643bbf98dd65,2021/2022,Magnolie,https://www.duesseldorf.de/stadtgruen/baeume-in-der-stadt/stadtbaumkonzept.html,2022-08-09,POINT (347258 5678446)
stadtbaum.1cf674d7-5174-4ded-81eb-b7f70c619ffa,2021/2022,Ulme,https://www.duesseldorf.de/stadtgruen/baeume-in-der-stadt/stadtbaumkonzept.html,2022-08-09,POINT (347509 5678247)
stadtbaum.8c042152-a668-4908-8e86-707d50a6d138,2021/2022,Hainbuche,https://www.duesseldorf.de/stadtgruen/baeume-in-der-stadt/stadtbaumkonzept.html,2022-08-09,POINT (347056 5677177)
stadtbaum.8a169e45-0174-48e3-9c47-7044d6b0ea34,2021/2022,Kaiserlinde,https://www.duesseldorf.de/stadtgruen/baeume-in-der-stadt/stadtbaumkonzept.html,2022-08-09,POINT (346883 5676735)
stadtbaum.0d1ab192-720d-45f4-8aaf-08a4d0fd4fd4,2021/2022,Kaiserlinde,https://www.duesseldorf.de/stadtgruen/baeume-in-der-stadt/stadtbaumkonzept.html,2022-08-09,POINT (346608 5676859)
stadtbaum.7f183a4d-7467-48e7-b86c-c1b343efa90d,2021/2022,Kaiserlinde,https://www.duesseldorf.de/stadtgruen/baeume-in-der-stadt/stadtbaumkonzept.html,2022-08-09,POINT (346698 5676834)
stadtbaum.e14ae217-ec6e-446c-abb9-944391cc6c0e,2021/2022,Hainbuche,https://www.duesseldorf.de/stadtgruen/baeume-in-der-stadt/stadtbaumkonzept.html,2022-08-09,POINT (346581 5676872)
stadtbaum.e1ac27a9-135d-41e1-8482-56441e1d1d88,2021/2022,Hainbuche,https://www.duesseldorf.de/stadtgruen/baeume-in-der-stadt/stadtbaumkonzept.html,2022-08-09,POINT (346597 5676868)
stadtbaum.349b4920-c501-44d1-b47c-219cb1854a28,2021/2022,Hainbuche,https://www.duesseldorf.de/stadtgruen/baeume-in-der-stadt/stadtbaumkonzept.html,2022-08-09,POINT (346632 5677405)
stadtbaum.a5714343-8898-433e-84ff-d348a801de6c,2021/2022,Säulen-Blasenesche,https://www.duesseldorf.de/stadtgruen/baeume-in-der-stadt/stadtbaumkonzept.html,2022-08-09,POINT (342328 5674862)
stadtbaum.b394c866-cb03-41b6-b4a3-58ee46a8e15f,2021/2022,Säulen-Blasenesche,https://www.duesseldorf.de/stadtgruen/baeume-in-der-stadt/stadtbaumkonzept.html,2022-08-09,POINT (342324 5674617)
stadtbaum.f4e06e4f-f5c7-4ea4-b33a-63ea867d6bbe,2021/2022,Säulen-Blasenesche,https://www.duesseldorf.de/stadtgruen/baeume-in-der-stadt/stadtbaumkonzept.html,2022-08-09,POINT (342310 5674912)
stadtbaum.caf773df-7d75-4d0b-ba94-579c25c57637,2021/2022,Gleditschie,https://www.duesseldorf.de/stadtgruen/baeume-in-der-stadt/stadtbaumkonzept.html,2022-08-09,POINT (344633 5675466)
stadtbaum.a9dddfb5-a265-471e-8de9-3fff18bfb661,2021/2022,Gleditschie,https://www.duesseldorf.de/stadtgruen/baeume-in-der-stadt/stadtbaumkonzept.html,2022-08-09,POINT (344680 5675418)
stadtbaum.259233c5-ce75-4063-8f67-212d1dae03f5,2021/2022,Spitzahorn,https://www.duesseldorf.de/stadtgruen/baeume-in-der-stadt/stadtbaumkonzept.html,2022-08-09,POINT (344406 5675880)
stadtbaum.e9e14717-1192-4230-ab58-b75cd70b9d3a,2021/2022,Rotahorn,https://www.duesseldorf.de/stadtgruen/baeume-in-der-stadt/stadtbaumkonzept.html,2022-08-09,POINT (344751 5674061)
stadtbaum.a586b817-b11d-4dc5-8a52-57bbb8c5d833,2021/2022,Feldahorn,https://www.duesseldorf.de/stadtgruen/baeume-in-der-stadt/stadtbaumkonzept.html,2022-08-09,POINT (347423 5674023)
stadtbaum.74f0e13e-f67c-478a-a900-221e6f4661c4,2021/2022,Feldahorn,https://www.duesseldorf.de/stadtgruen/baeume-in-der-stadt/stadtbaumkonzept.html,2022-08-09,POINT (347323 5674135)
stadtbaum.960b9bd9-0010-42e1-beca-20e31a147cdf,2021/2022,Schmale Pyramideneiche,https://www.duesseldorf.de/stadtgruen/baeume-in-der-stadt/stadtbaumkonzept.html,2022-08-09,POINT (345890 5675600)
stadtbaum.31dcbfa1-a6ba-4feb-8d28-c3709e9e40ed,2021/2022,Feldahorn,https://www.duesseldorf.de/stadtgruen/baeume-in-der-stadt/stadtbaumkonzept.html,2022-08-09,POINT (340296 5678661)
stadtbaum.0b3f3bab-77d7-4d6a-9048-0283cbcfa2cb,2021/2022,Feldahorn,https://www.duesseldorf.de/stadtgruen/baeume-in-der-stadt/stadtbaumkonzept.html,2022-08-09,POINT (340306 5678668)
stadtbaum.6132dd34-941d-4923-a122-c720c2b9c9dc,2021/2022,Feldahorn,https://www.duesseldorf.de/stadtgruen/baeume-in-der-stadt/stadtbaumkonzept.html,2022-08-09,POINT (340316 5678677)
stadtbaum.c0ca297a-263c-4067-9a26-b76a7b79d523,2021/2022,Feldahorn,https://www.duesseldorf.de/stadtgruen/baeume-in-der-stadt/stadtbaumkonzept.html,2022-08-09,POINT (340321 5678687)
stadtbaum.2104b38e-b580-4cfd-8cbe-6e188c1e3d25,2021/2022,Feldahorn,https://www.duesseldorf.de/stadtgruen/baeume-in-der-stadt/stadtbaumkonzept.html,2022-08-09,POINT (340332 5678694)
stadtbaum.72833ce2-6237-44e4-85b5-ee40b08f04cc,2021/2022,Kaiserlinde,https://www.duesseldorf.de/stadtgruen/baeume-in-der-stadt/stadtbaumkonzept.html,2022-08-09,POINT (343185 5677883)
stadtbaum.0ed4b14b-5b1a-4a81-997f-041c65f75902,2021/2022,Kaiserlinde,https://www.duesseldorf.de/stadtgruen/baeume-in-der-stadt/stadtbaumkonzept.html,2022-08-09,POINT (343203 5677877)
stadtbaum.afca9752-c79f-4db0-91c0-cd8a662d38ff,2021/2022,Kaiserlinde,https://www.duesseldorf.de/stadtgruen/baeume-in-der-stadt/stadtbaumkonzept.html,2022-08-09,POINT (343208 5677876)
stadtbaum.deeecfac-09d3-4693-a8df-8fea2af47807,2021/2022,Zierkirsche,https://www.duesseldorf.de/stadtgruen/baeume-in-der-stadt/stadtbaumkonzept.html,2022-08-09,POINT (343660 5678257)
stadtbaum.da939052-4b97-4f9f-8620-9b85dd945a33,2021/2022,Zierkirsche,https://www.duesseldorf.de/stadtgruen/baeume-in-der-stadt/stadtbaumkonzept.html,2022-08-09,POINT (343647 5678299)
stadtbaum.c5e9198a-6486-4ee8-b502-f8e226111479,2021/2022,Zierkirsche,https://www.duesseldorf.de/stadtgruen/baeume-in-der-stadt/stadtbaumkonzept.html,2022-08-09,POINT (343623 5678360)
stadtbaum.36333153-7bd5-4a84-86c2-c3567c189694,2021/2022,Zierkirsche,https://www.duesseldorf.de/stadtgruen/baeume-in-der-stadt/stadtbaumkonzept.html,2022-08-09,POINT (343609 5678392)
stadtbaum.71bfef76-9ac8-47cc-9e56-29d3cb35bf7c,2021/2022,Zierkirsche,https://www.duesseldorf.de/stadtgruen/baeume-in-der-stadt/stadtbaumkonzept.html,2022-08-09,POINT (343669 5678225)
stadtbaum.b411cdf8-26bc-4b52-8183-2f2ece16fa38,2021/2022,Korea-Tanne,https://www.duesseldorf.de/stadtgruen/baeume-in-der-stadt/stadtbaumkonzept.html,2022-08-09,POINT (341808 5677990)
stadtbaum.907dccef-0ce3-485c-b0b3-22b3965d3054,2021/2022,Hopfenbuche,https://www.duesseldorf.de/stadtgruen/baeume-in-der-stadt/stadtbaumkonzept.html,2022-08-09,POINT (342472 5682002)
stadtbaum.17ac15f2-aebe-468a-8606-2869145eee34,2021/2022,Hopfenbuche,https://www.duesseldorf.de/stadtgruen/baeume-in-der-stadt/stadtbaumkonzept.html,2022-08-09,POINT (342488 5681967)
stadtbaum.7f5d20b1-2b9d-4463-89f0-a97e5c4320bb,2021/2022,Zierkirsche,https://www.duesseldorf.de/stadtgruen/baeume-in-der-stadt/stadtbaumkonzept.html,2022-08-09,POINT (343417 5685533)
stadtbaum.f2bab9e2-22ac-4ff0-a7aa-ea8da421fdea,2021/2022,Zierkirsche,https://www.duesseldorf.de/stadtgruen/baeume-in-der-stadt/stadtbaumkonzept.html,2022-08-09,POINT (343296 5685475)
stadtbaum.87aeb28d-edc3-4ef8-9217-0db0b7c14a09,2021/2022,Zierkirsche,https://www.duesseldorf.de/stadtgruen/baeume-in-der-stadt/stadtbaumkonzept.html,2022-08-09,POINT (343397 5685474)
stadtbaum.c6f1f382-8c8c-4e02-94c1-65fe832e8d7c,2021/2022,Zierkirsche,https://www.duesseldorf.de/stadtgruen/baeume-in-der-stadt/stadtbaumkonzept.html,2022-08-09,POINT (345877 5689138)
stadtbaum.bd03e05d-3252-481e-99f6-541458891b56,2021/2022,Kaiserlinde,https://www.duesseldorf.de/stadtgruen/baeume-in-der-stadt/stadtbaumkonzept.html,2022-08-09,POINT (342713 5682611)
stadtbaum.45158de0-148a-4ea5-8387-60bc72955e5d,2021/2022,Kaiserlinde,https://www.duesseldorf.de/stadtgruen/baeume-in-der-stadt/stadtbaumkonzept.html,2022-08-09,POINT (342422 5685696)
stadtbaum.3c1c2487-d6dd-4492-b831-41cdad2802d4,2021/2022,Kaiserlinde,https://www.duesseldorf.de/stadtgruen/baeume-in-der-stadt/stadtbaumkonzept.html,2022-08-09,POINT (342691 5682694)
stadtbaum.dd70c7dd-1782-4485-a8ac-27e6c43b57d3,2021/2022,Chinesischer Spitzahorn,https://www.duesseldorf.de/stadtgruen/baeume-in-der-stadt/stadtbaumkonzept.html,2022-08-09,POINT (342527 5681712)
stadtbaum.540befe9-3891-47f1-acd7-369e83be5000,2021/2022,Hopfenbuche,https://www.duesseldorf.de/stadtgruen/baeume-in-der-stadt/stadtbaumkonzept.html,2022-08-09,POINT (343816 5686255)
stadtbaum.61b05f67-88ce-45c8-a74b-2b3f500c3a46,2021/2022,Hopfenbuche,https://www.duesseldorf.de/stadtgruen/baeume-in-der-stadt/stadtbaumkonzept.html,2022-08-09,POINT (343833 5686255)
stadtbaum.46139f7c-e3a9-42b4-b710-4f33247918c9,2021/2022,Zierkirsche,https://www.duesseldorf.de/stadtgruen/baeume-in-der-stadt/stadtbaumkonzept.html,2022-08-09,POINT (344693 5681579)
stadtbaum.a2441753-a738-4903-863d-95fb7549c3f3,2021/2022,Zierkirsche,https://www.duesseldorf.de/stadtgruen/baeume-in-der-stadt/stadtbaumkonzept.html,2022-08-09,POINT (344722 5681418)
stadtbaum.4801d42c-6e6c-4ff7-947d-0022f8f28cc9,2021/2022,Hainbuche,https://www.duesseldorf.de/stadtgruen/baeume-in-der-stadt/stadtbaumkonzept.html,2022-08-09,POINT (344869 5682104)
stadtbaum.cdee0f28-883c-4201-8810-be3a36f9886a,2021/2022,Spitzahorn,https://www.duesseldorf.de/stadtgruen/baeume-in-der-stadt/stadtbaumkonzept.html,2022-08-09,POINT (347115 5681330)
stadtbaum.46c241b3-2e26-4751-85c5-c1b8c5124ea8,2021/2022,Spitzahorn,https://www.duesseldorf.de/stadtgruen/baeume-in-der-stadt/stadtbaumkonzept.html,2022-08-09,POINT (347153 5679581)
stadtbaum.44c899c6-aad4-463f-bb6c-2f4529608da9,2021/2022,Spitzahorn,https://www.duesseldorf.de/stadtgruen/baeume-in-der-stadt/stadtbaumkonzept.html,2022-08-09,POINT (347186 5679663)
stadtbaum.8687baab-d826-4d9d-8404-301bdcfd1c84,2021/2022,Spitzahorn,https://www.duesseldorf.de/stadtgruen/baeume-in-der-stadt/stadtbaumkonzept.html,2022-08-09,POINT (347172 5679716)
stadtbaum.00dbb927-a859-40fe-b93a-64da9684df22,2021/2022,Spitzahorn,https://www.duesseldorf.de/stadtgruen/baeume-in-der-stadt/stadtbaumkonzept.html,2022-08-09,POINT (347208 5679543)
stadtbaum.0fb2137a-6fd0-4ad5-8918-33163c77cd11,2021/2022,Spitzahorn,https://www.duesseldorf.de/stadtgruen/baeume-in-der-stadt/stadtbaumkonzept.html,2022-08-09,POINT (347209 5679533)
stadtbaum.a1793adc-1f33-4da0-8062-15c9e220942f,2021/2022,Magnolie,https://www.duesseldorf.de/stadtgruen/baeume-in-der-stadt/stadtbaumkonzept.html,2022-08-09,POINT (346950 5681684.0096513)
stadtbaum.123d4586-76f3-4de6-85ad-5a0b3a8dfbaf,2021/2022,Säulen-Blasenesche,https://www.duesseldorf.de/stadtgruen/baeume-in-der-stadt/stadtbaumkonzept.html,2022-08-09,POINT (347062 5680679)
stadtbaum.3e949e52-7075-4690-9fb6-910d2306515d,2021/2022,Spitzahorn,https://www.duesseldorf.de/stadtgruen/baeume-in-der-stadt/stadtbaumkonzept.html,2022-08-09,POINT (345283 5682776)
stadtbaum.e37d3d53-7697-4455-b595-1c5188348182,2021/2022,Schnurbaum,https://www.duesseldorf.de/stadtgruen/baeume-in-der-stadt/stadtbaumkonzept.html,2022-08-09,POINT (345997 5683474)
stadtbaum.092ff2f1-75bf-4e2c-a3eb-9eac03adc5af,2021/2022,Himalaya-Birke,https://www.duesseldorf.de/stadtgruen/baeume-in-der-stadt/stadtbaumkonzept.html,2022-08-09,POINT (345477 5683077)
stadtbaum.1c23aa9f-477c-44ff-83ad-de346a0c7fee,2021/2022,Fleischrote Rosskastanie,https://www.duesseldorf.de/stadtgruen/baeume-in-der-stadt/stadtbaumkonzept.html,2022-08-09,POINT (346442 5683668)
stadtbaum.992069d7-fa76-4aa0-b619-244246021352,2021/2022,Fleischrote Rosskastanie,https://www.duesseldorf.de/stadtgruen/baeume-in-der-stadt/stadtbaumkonzept.html,2022-08-09,POINT (346466 5683669)
stadtbaum.44f149b9-d13d-4e7c-bd73-5fc5f3a2ad4b,2021/2022,Spitzahorn,https://www.duesseldorf.de/stadtgruen/baeume-in-der-stadt/stadtbaumkonzept.html,2022-08-09,POINT (345436 5682761)
stadtbaum.14181cc1-b69d-4c0d-bf26-f14d7baf8545,2021/2022,Spitzahorn,https://www.duesseldorf.de/stadtgruen/baeume-in-der-stadt/stadtbaumkonzept.html,2022-08-09,POINT (346170 5684081)
stadtbaum.d9731e56-3734-4b19-8cb3-0b0c2451b040,2021/2022,Zierkirsche,https://www.duesseldorf.de/stadtgruen/baeume-in-der-stadt/stadtbaumkonzept.html,2022-08-09,POINT (345493 5682713)
stadtbaum.f6dfb1a8-5f49-43f0-872e-e670bf875ba6,2021/2022,Zierkirsche,https://www.duesseldorf.de/stadtgruen/baeume-in-der-stadt/stadtbaumkonzept.html,2022-08-09,POINT (345465 5682708)
stadtbaum.97467b6e-02af-4b3b-9fea-d415bb0d1484,2021/2022,Purpur-Erle,https://www.duesseldorf.de/stadtgruen/baeume-in-der-stadt/stadtbaumkonzept.html,2022-08-09,POINT (350026 5674853)
stadtbaum.6f3380a7-d4e2-4314-a2ae-47642deb067e,2021/2022,Purpur-Erle,https://www.duesseldorf.de/stadtgruen/baeume-in-der-stadt/stadtbaumkonzept.html,2022-08-09,POINT (349972 5674916)
stadtbaum.a438963a-b537-41a6-8698-05eddc093bae,2021/2022,Purpur-Erle,https://www.duesseldorf.de/stadtgruen/baeume-in-der-stadt/stadtbaumkonzept.html,2022-08-09,POINT (349989 5674929)
stadtbaum.1f48cb15-8289-42b0-8082-87f6b24305a3,2021/2022,Purpur-Erle,https://www.duesseldorf.de/stadtgruen/baeume-in-der-stadt/stadtbaumkonzept.html,2022-08-09,POINT (350054 5674949)
stadtbaum.91a860ca-a46d-4fb5-a9a5-0d7c0fc1d5f7,2021/2022,Ulme,https://www.duesseldorf.de/stadtgruen/baeume-in-der-stadt/stadtbaumkonzept.html,2022-08-09,POINT (349207 5674777)
stadtbaum.7b693b86-080f-4ae3-93e3-802df11be60a,2021/2022,Ulme,https://www.duesseldorf.de/stadtgruen/baeume-in-der-stadt/stadtbaumkonzept.html,2022-08-09,POINT (349236 5674756)
stadtbaum.efef2b04-04e1-4ab2-b94e-5ecf7ac6a480,2021/2022,Tupelobaum,https://www.duesseldorf.de/stadtgruen/baeume-in-der-stadt/stadtbaumkonzept.html,2022-08-09,POINT (348310 5675501)
stadtbaum.a4904bd2-a5fe-4d1c-b1d3-b88fea94b843,2021/2022,Tupelobaum,https://www.duesseldorf.de/stadtgruen/baeume-in-der-stadt/stadtbaumkonzept.html,2022-08-09,POINT (348314 5675507)
stadtbaum.496f82ad-703f-4045-adf7-9610eb6317b9,2021/2022,Tupelobaum,https://www.duesseldorf.de/stadtgruen/baeume-in-der-stadt/stadtbaumkonzept.html,2022-08-09,POINT (348321 5675518)
stadtbaum.0f7244c3-aefb-4fe9-a840-38b79d07d133,2021/2022,Zierkirsche,https://www.duesseldorf.de/stadtgruen/baeume-in-der-stadt/stadtbaumkonzept.html,2022-08-09,POINT (348036 5674347)
stadtbaum.e17e1baf-cc35-470a-a14c-d0b5497946fd,2021/2022,Zierkirsche,https://www.duesseldorf.de/stadtgruen/baeume-in-der-stadt/stadtbaumkonzept.html,2022-08-09,POINT (348056 5674329)
stadtbaum.41e9c048-6a13-4d95-a6b8-47bf3ecd2961,2021/2022,Rotahorn,https://www.duesseldorf.de/stadtgruen/baeume-in-der-stadt/stadtbaumkonzept.html,2022-08-09,POINT (349945 5676007)
stadtbaum.8a3ba10d-1982-483c-8970-2fbbc4f07334,2021/2022,Rotahorn,https://www.duesseldorf.de/stadtgruen/baeume-in-der-stadt/stadtbaumkonzept.html,2022-08-09,POINT (349962 5676003)
stadtbaum.4c5e1c0a-f709-4dd6-8483-d9f216a29d7c,2021/2022,Spitzahorn,https://www.duesseldorf.de/stadtgruen/baeume-in-der-stadt/stadtbaumkonzept.html,2022-08-09,POINT (347219 5671887)
stadtbaum.7de8c3b4-4b33-4ae1-b60c-afe61cb5d805,2021/2022,Rotahorn,https://www.duesseldorf.de/stadtgruen/baeume-in-der-stadt/stadtbaumkonzept.html,2022-08-09,POINT (351099 5670861)
stadtbaum.d40263ac-6356-46ec-8e2f-680bf967e218,2021/2022,Ahornblättrige Platane,https://www.duesseldorf.de/stadtgruen/baeume-in-der-stadt/stadtbaumkonzept.html,2022-08-09,POINT (351862 5668717)
stadtbaum.63c5d5cb-d816-4224-99ac-5067164f4198,2021/2022,Feldahorn,https://www.duesseldorf.de/stadtgruen/baeume-in-der-stadt/stadtbaumkonzept.html,2022-08-09,POINT (352158 5670497)
stadtbaum.2b692bf9-4710-47df-a60b-b8b1354eb409,2021/2022,Feldahorn,https://www.duesseldorf.de/stadtgruen/baeume-in-der-stadt/stadtbaumkonzept.html,2022-08-09,POINT (352027 5670985)
stadtbaum.3de49ad4-0daf-42f9-a710-35710a1913fe,2021/2022,Feldahorn,https://www.duesseldorf.de/stadtgruen/baeume-in-der-stadt/stadtbaumkonzept.html,2022-08-09,POINT (352029 5671035)
stadtbaum.4011a115-a177-4969-951a-e5decadff518,2021/2022,Feldahorn,https://www.duesseldorf.de/stadtgruen/baeume-in-der-stadt/stadtbaumkonzept.html,2022-08-09,POINT (352036 5670760)
stadtbaum.e5ce913a-48f3-4906-93ef-f50e76d96084,2021/2022,Feldahorn,https://www.duesseldorf.de/stadtgruen/baeume-in-der-stadt/stadtbaumkonzept.html,2022-08-09,POINT (352036 5670783)
stadtbaum.3a48ec43-882c-4f7b-8ddc-5198d0a377e5,2021/2022,Feldahorn,https://www.duesseldorf.de/stadtgruen/baeume-in-der-stadt/stadtbaumkonzept.html,2022-08-09,POINT (352037 5670808)
stadtbaum.2edae0de-c38a-4867-b948-7d28d8245279,2021/2022,Feldahorn,https://www.duesseldorf.de/stadtgruen/baeume-in-der-stadt/stadtbaumkonzept.html,2022-08-09,POINT (352038 5670858)
stadtbaum.09cb81d2-e015-4d39-be13-bf49346f97be,2021/2022,Spitzahorn,https://www.duesseldorf.de/stadtgruen/baeume-in-der-stadt/stadtbaumkonzept.html,2022-08-09,POINT (351099 5670861)
stadtbaum.aed8b292-0b0d-4aad-86d6-bfa4ed17278f,2021/2022,Japanische Eberesche,https://www.duesseldorf.de/stadtgruen/baeume-in-der-stadt/stadtbaumkonzept.html,2022-08-09,POINT (350792 5670185)
stadtbaum.e7e55a34-72cd-421b-95f0-0c70f2ed5c5e,2021/2022,Japanische Eberesche,https://www.duesseldorf.de/stadtgruen/baeume-in-der-stadt/stadtbaumkonzept.html,2022-08-09,POINT (350496 5670203)
stadtbaum.8fc2c282-4097-4479-a51e-3761ec1c1ec4,2021/2022,Japanische Eberesche,https://www.duesseldorf.de/stadtgruen/baeume-in-der-stadt/stadtbaumkonzept.html,2022-08-09,POINT (350433 5670199)
stadtbaum.2cdcadee-ebe8-4ac0-b833-8238c9fddbea,2021/2022,Ulme,https://www.duesseldorf.de/stadtgruen/baeume-in-der-stadt/stadtbaumkonzept.html,2022-08-09,POINT (351039 5670864)
stadtbaum.d45d066a-7975-46e0-8c36-d29f4441984f,2021/2022,Ulme,https://www.duesseldorf.de/stadtgruen/baeume-in-der-stadt/stadtbaumkonzept.html,2022-08-09,POINT (351084 5670864)
stadtbaum.4c04342b-c9af-4016-bc67-4fa4b0636a27,2021/2022,Ulme,https://www.duesseldorf.de/stadtgruen/baeume-in-der-stadt/stadtbaumkonzept.html,2022-08-09,POINT (351075 5670863)
stadtbaum.e35334df-d6cf-41cc-bf98-35e9c30c30d5,2021/2022,Ulme,https://www.duesseldorf.de/stadtgruen/baeume-in-der-stadt/stadtbaumkonzept.html,2022-08-09,POINT (351035 5670865)
stadtbaum.e3b3e3e8-a41e-44e7-8bcd-6e0cae5cb265,2021/2022,Ulme,https://www.duesseldorf.de/stadtgruen/baeume-in-der-stadt/stadtbaumkonzept.html,2022-08-09,POINT (352965 5667110)
stadtbaum.f43f53e5-eebc-49d2-9a9d-f26297f791d9,2021/2022,Ungarische Eiche,https://www.duesseldorf.de/stadtgruen/baeume-in-der-stadt/stadtbaumkonzept.html,2022-08-09,POINT (353259 5667883)
stadtbaum.418b0196-a46a-4d9b-a840-48bfca86208c,2021/2022,Ungarische Eiche,https://www.duesseldorf.de/stadtgruen/baeume-in-der-stadt/stadtbaumkonzept.html,2022-08-09,POINT (353258 5667857)
stadtbaum.a2dac473-d6f6-40d8-ae3f-18e59c263863,2021/2022,Ungarische Eiche,https://www.duesseldorf.de/stadtgruen/baeume-in-der-stadt/stadtbaumkonzept.html,2022-08-09,POINT (353260 5667904)
stadtbaum.bc0a13c3-5d56-4404-ab13-425c8b2a7723,2021/2022,Purpur-Erle,https://www.duesseldorf.de/stadtgruen/baeume-in-der-stadt/stadtbaumkonzept.html,2022-08-09,POINT (353908 5666788)
stadtbaum.1037bb4d-7b0a-45a2-858e-300f6efef64f,2021/2022,Hainbuche,https://www.duesseldorf.de/stadtgruen/baeume-in-der-stadt/stadtbaumkonzept.html,2022-08-09,POINT (353311 5666163)
stadtbaum.d3210794-1375-4ce7-9c44-6c69b3eec361,2021/2022,Zierkirsche,https://www.duesseldorf.de/stadtgruen/baeume-in-der-stadt/stadtbaumkonzept.html,2022-08-09,POINT (353632 5666255)
stadtbaum.7b1d5cc9-b74b-42d3-aec4-02a791b8d1d0,2021/2022,Zierkirsche,https://www.duesseldorf.de/stadtgruen/baeume-in-der-stadt/stadtbaumkonzept.html,2022-08-09,POINT (353646 5666258)
stadtbaum.73457b9d-54f6-4a9e-9e83-a19d7486c084,2021/2022,Kugel-Trompetenbaum,https://www.duesseldorf.de/stadtgruen/baeume-in-der-stadt/stadtbaumkonzept.html,2022-08-09,POINT (353192 5666289)
stadtbaum.123c0bd5-250e-4313-998c-e8e972039303,2021/2022,Mehlbeere,https://www.duesseldorf.de/stadtgruen/baeume-in-der-stadt/stadtbaumkonzept.html,2022-08-09,POINT (352991 5668380)
